// Auto-generated from turntable.gif -- 20 frames sampled evenly across its
// exact 10-second loop (confirmed identical at t=0s and t=10s), cropped to
// the icon and downscaled to the album-art box size. The corner level-slider
// decoration was masked out before packing (drawbox blackout over its region
// pre-scale) since it read as illegible noise at this size. Stored as a
// 1-bit-per-pixel mask (not fixed colors) so it can be recolored per-theme at
// draw time -- see drawTurntableFrame() in main.cpp.
#pragma once
#include <cstdint>
static const int TURNTABLE_W = 105;
static const int TURNTABLE_H = 105;
static const int TURNTABLE_FRAME_COUNT = 20;
static const int TURNTABLE_BYTES_PER_FRAME = 1379;
static const uint8_t turntableFrames[] = {
    0x00, 0x00, 0x00, 0x00, 0x00, 0x00, 0x00, 0x00, 0x00, 0x00, 0x00, 0x00, 0x00, 0x00, 0x00, 0x00, 0x00, 0x00, 0x00, 0x00,
    0x00, 0x00, 0x00, 0x00, 0x00, 0x00, 0x00, 0x00, 0x00, 0x00, 0x00, 0x00, 0x00, 0x00, 0x00, 0x00, 0x00, 0x00, 0x30, 0x00,
    0x00, 0x00, 0x00, 0x00, 0x00, 0x00, 0x00, 0x00, 0x00, 0x00, 0x00, 0x18, 0x00, 0x00, 0x00, 0x00, 0x00, 0x00, 0x00, 0x00,
    0x00, 0x00, 0x00, 0x00, 0x18, 0x01, 0xff, 0xff, 0xff, 0xff, 0xff, 0xff, 0xff, 0xff, 0xff, 0xff, 0xff, 0xff, 0xf1, 0xff,
    0xff, 0xff, 0xff, 0xff, 0xff, 0xff, 0xff, 0xff, 0xff, 0xff, 0xff, 0xfd, 0xff, 0xff, 0xff, 0xff, 0xff, 0xff, 0xff, 0xff,
    0xff, 0xff, 0xff, 0xff, 0xff, 0xc0, 0x00, 0x00, 0x00, 0x00, 0x00, 0x00, 0x00, 0x00, 0x00, 0x00, 0x07, 0x01, 0xe0, 0x00,
    0x00, 0x00, 0x00, 0x00, 0x00, 0x00, 0x00, 0x00, 0x00, 0x07, 0x80, 0xf0, 0x00, 0x00, 0x00, 0x00, 0x00, 0x00, 0x00, 0x00,
    0x00, 0x00, 0x03, 0xc0, 0x78, 0x00, 0x00, 0x00, 0x00, 0x00, 0xff, 0xc0, 0x00, 0x00, 0x00, 0x01, 0xe0, 0x3c, 0x00, 0x00,
    0x00, 0x00, 0x1f, 0xff, 0xff, 0x00, 0x00, 0x00, 0x00, 0xe0, 0x1e, 0x00, 0x00, 0x00, 0x00, 0x7f, 0xff, 0xff, 0xf0, 0x00,
    0x00, 0x07, 0xe0, 0x0f, 0x00, 0x00, 0x00, 0x01, 0xff, 0x00, 0x01, 0xff, 0x00, 0x00, 0x07, 0xf8, 0x07, 0x80, 0x00, 0x00,
    0x03, 0xf8, 0x00, 0x00, 0x0f, 0xe0, 0x00, 0x07, 0xfe, 0x03, 0xc0, 0x00, 0x00, 0x07, 0xe0, 0x00, 0x00, 0x00, 0xfc, 0x00,
    0x03, 0xff, 0x01, 0xe0, 0x00, 0x00, 0x07, 0xc0, 0x00, 0x00, 0x00, 0x1f, 0x80, 0x03, 0xff, 0x80, 0xf0, 0x00, 0x00, 0x0f,
    0x80, 0x00, 0x00, 0x00, 0x03, 0xe0, 0x01, 0xff, 0xe0, 0x78, 0x00, 0x00, 0x0f, 0x00, 0x00, 0x00, 0x00, 0x00, 0x7c, 0x00,
    0xff, 0xf0, 0x3c, 0x00, 0x00, 0x1f, 0x00, 0x00, 0x00, 0x00, 0x00, 0x1f, 0x00, 0x7f, 0xf0, 0x1e, 0x00, 0x00, 0x1e, 0x00,
    0x00, 0x00, 0x00, 0x00, 0x03, 0xc0, 0x1f, 0xf8, 0x0f, 0x00, 0x00, 0x1e, 0x00, 0x00, 0x00, 0x00, 0x00, 0x00, 0xf0, 0x07,
    0xf8, 0x07, 0x80, 0x00, 0x1e, 0x00, 0x00, 0x00, 0x00, 0x00, 0x00, 0x3c, 0x01, 0xf8, 0x03, 0xc0, 0x00, 0x1e, 0x00, 0x00,
    0x00, 0x00, 0x00, 0x00, 0x0f, 0x00, 0xc0, 0x01, 0xe0, 0x00, 0x1e, 0x00, 0x00, 0x00, 0x00, 0x00, 0x00, 0x03, 0xc0, 0xc0,
    0x00, 0xf0, 0x00, 0x1e, 0x00, 0x00, 0x00, 0x00, 0x00, 0x00, 0x00, 0xf0, 0x60, 0x00, 0x78, 0x00, 0x0e, 0x00, 0x00, 0x00,
    0x00, 0x00, 0x00, 0x00, 0x3c, 0x70, 0x00, 0x3c, 0x00, 0x0e, 0x00, 0x00, 0x00, 0x00, 0x00, 0x20, 0x00, 0x0e, 0x30, 0x00,
    0x1e, 0x00, 0x0e, 0x00, 0x00, 0x00, 0x00, 0x00, 0x0c, 0x00, 0x03, 0x98, 0x00, 0x0f, 0x00, 0x07, 0x00, 0x00, 0x00, 0x00,
    0x00, 0x03, 0x00, 0x00, 0xf8, 0x00, 0x07, 0x80, 0x07, 0x00, 0x00, 0x00, 0x00, 0x00, 0x00, 0x60, 0x00, 0x7c, 0x00, 0x03,
    0xc0, 0x07, 0x00, 0x00, 0x00, 0x00, 0x00, 0x00, 0x18, 0x00, 0x1e, 0x00, 0x01, 0xe0, 0x03, 0x80, 0x00, 0x00, 0x00, 0x00,
    0x00, 0x06, 0x00, 0x0e, 0x00, 0x00, 0xf0, 0x03, 0x80, 0x00, 0x00, 0x00, 0x00, 0x00, 0x01, 0x80, 0x03, 0x80, 0x00, 0x78,
    0x01, 0xc0, 0x00, 0x00, 0x00, 0x00, 0x00, 0x00, 0x40, 0x03, 0xc0, 0x00, 0x3c, 0x01, 0xc0, 0x00, 0x00, 0x00, 0x00, 0x00,
    0x60, 0x10, 0x01, 0xf0, 0x00, 0x1e, 0x00, 0xe0, 0x00, 0x00, 0x00, 0x00, 0x00, 0x18, 0x0c, 0x00, 0xf8, 0x00, 0x0f, 0x00,
    0x60, 0x00, 0x00, 0x00, 0x00, 0x00, 0x06, 0x02, 0x00, 0xce, 0x00, 0x07, 0x80, 0x70, 0x00, 0x00, 0x00, 0x00, 0x00, 0x01,
    0x80, 0x80, 0x67, 0x00, 0x03, 0xc0, 0x38, 0x00, 0x00, 0x00, 0x00, 0x00, 0x00, 0x40, 0x60, 0x63, 0x80, 0x01, 0xe0, 0x18,
    0x00, 0x00, 0x00, 0x00, 0x00, 0x00, 0x10, 0x10, 0x30, 0xe0, 0x00, 0xf0, 0x1c, 0x00, 0x00, 0x00, 0x00, 0x00, 0x00, 0x0c,
    0x08, 0x18, 0x70, 0x00, 0x78, 0x0e, 0x00, 0x00, 0x00, 0x00, 0x00, 0x06, 0x02, 0x02, 0x18, 0x38, 0x00, 0x3c, 0x07, 0x00,
    0x00, 0x00, 0x00, 0x00, 0x01, 0x01, 0x81, 0x0c, 0x0c, 0x00, 0x1e, 0x03, 0x00, 0x00, 0x00, 0x00, 0x00, 0x00, 0x40, 0x40,
    0x8e, 0x06, 0x00, 0x0f, 0x01, 0x80, 0x00, 0x00, 0x00, 0x00, 0x00, 0x30, 0x20, 0x66, 0x03, 0x80, 0x07, 0x80, 0xc0, 0x00,
    0x00, 0x00, 0x07, 0xf0, 0x08, 0x18, 0x13, 0x01, 0xc0, 0x03, 0xc0, 0xe0, 0x00, 0x00, 0x00, 0x06, 0x0c, 0x06, 0x04, 0x0b,
    0x00, 0xe0, 0x01, 0xe0, 0x70, 0x00, 0x00, 0x00, 0x06, 0x03, 0x01, 0x02, 0x05, 0x80, 0x70, 0x00, 0xf0, 0x38, 0x00, 0x00,
    0x00, 0x02, 0x00, 0x80, 0x81, 0x03, 0xc0, 0x38, 0x00, 0x78, 0x1c, 0x00, 0x00, 0x00, 0x01, 0x00, 0x60, 0x00, 0x81, 0xc0,
    0x1c, 0x00, 0x3c, 0x0e, 0x00, 0x00, 0x00, 0x00, 0x80, 0x30, 0x00, 0x40, 0xe0, 0x0e, 0x00, 0x1e, 0x07, 0x00, 0x00, 0x00,
    0x00, 0x40, 0x18, 0x00, 0x00, 0x60, 0x07, 0x00, 0x0f, 0x03, 0x80, 0x00, 0x00, 0x00, 0x20, 0x08, 0x00, 0x00, 0x30, 0x03,
    0x80, 0x07, 0x81, 0xc0, 0x00, 0x00, 0x00, 0x18, 0x0c, 0x00, 0x00, 0x18, 0x01, 0xc0, 0x03, 0xc0, 0xe0, 0x00, 0x00, 0x00,
    0x06, 0x0c, 0x00, 0x00, 0x18, 0x00, 0xe0, 0x01, 0xe0, 0x70, 0x00, 0x00, 0x00, 0x01, 0xfc, 0x00, 0x00, 0x0c, 0x00, 0x70,
    0x00, 0xf0, 0x18, 0x00, 0x00, 0x00, 0x00, 0x38, 0x00, 0x00, 0x0e, 0x00, 0x38, 0x00, 0x78, 0x0c, 0x00, 0x00, 0x00, 0x00,
    0x00, 0x00, 0x00, 0x06, 0x00, 0x18, 0x00, 0x3c, 0x07, 0x00, 0x00, 0x00, 0x00, 0x00, 0x00, 0x00, 0x03, 0x00, 0x0c, 0x00,
    0x1e, 0x03, 0x80, 0x00, 0x00, 0x00, 0x00, 0x00, 0x00, 0x03, 0x00, 0x0e, 0x00, 0x0f, 0x01, 0xc0, 0x00, 0x00, 0x00, 0x00,
    0x00, 0x00, 0x01, 0x80, 0x07, 0x00, 0x07, 0x80, 0x60, 0x00, 0x00, 0x00, 0x00, 0x00, 0x00, 0x01, 0xc0, 0x03, 0x80, 0x03,
    0xc0, 0x38, 0x00, 0x00, 0x00, 0x00, 0x00, 0x00, 0x00, 0xc0, 0x01, 0x80, 0x01, 0xe0, 0x1c, 0x00, 0x00, 0x00, 0x00, 0x00,
    0x00, 0x00, 0x60, 0x01, 0xc0, 0x00, 0xf0, 0x06, 0x00, 0x00, 0x00, 0x00, 0x00, 0x00, 0x00, 0x60, 0x00, 0xe0, 0x00, 0x78,
    0x03, 0x80, 0x00, 0x00, 0x00, 0x00, 0x00, 0x00, 0x70, 0x00, 0xe0, 0x00, 0x3c, 0x01, 0xc0, 0x00, 0x00, 0x00, 0x00, 0x00,
    0x00, 0x70, 0x00, 0x70, 0x00, 0x1e, 0x00, 0x70, 0x00, 0x00, 0x00, 0x00, 0x00, 0x00, 0xf0, 0x00, 0x30, 0x00, 0x0f, 0x00,
    0x38, 0x00, 0x00, 0x00, 0x00, 0x00, 0x01, 0xe0, 0x00, 0x38, 0x00, 0x07, 0x80, 0x0e, 0x00, 0x00, 0x00, 0x00, 0x00, 0x01,
    0xe0, 0x00, 0x18, 0x00, 0x03, 0xc0, 0x07, 0x00, 0x00, 0x00, 0x00, 0x00, 0x00, 0xf0, 0x00, 0x1c, 0x00, 0x01, 0xe0, 0x01,
    0xc0, 0x00, 0x00, 0x00, 0x00, 0x03, 0xf0, 0x00, 0x1c, 0x00, 0x00, 0xf0, 0x00, 0xf0, 0x00, 0x00, 0x00, 0x00, 0x03, 0xe0,
    0x00, 0x0e, 0x00, 0x00, 0x78, 0x00, 0x38, 0x00, 0x00, 0x00, 0x00, 0x07, 0xe0, 0x00, 0x0e, 0x00, 0x00, 0x3c, 0x00, 0x0e,
    0x00, 0x00, 0x00, 0x00, 0x07, 0xf0, 0x00, 0x0e, 0x00, 0x00, 0x1e, 0x00, 0x07, 0x80, 0x00, 0x00, 0x00, 0x1f, 0xf0, 0x00,
    0x0f, 0x00, 0x00, 0x0f, 0x00, 0x01, 0xe0, 0x00, 0x00, 0x00, 0x1f, 0xe0, 0x00, 0x07, 0x00, 0x00, 0x07, 0x80, 0x00, 0x78,
    0x00, 0x00, 0x00, 0x1f, 0xe0, 0x00, 0x07, 0x00, 0x00, 0x03, 0xc0, 0x00, 0x1e, 0x00, 0x00, 0x00, 0x1f, 0xf0, 0x00, 0x07,
    0x00, 0x00, 0x01, 0xe0, 0x00, 0x07, 0x80, 0x00, 0x00, 0x0f, 0xf8, 0x00, 0x07, 0x00, 0x00, 0x00, 0xf0, 0x00, 0x01, 0xe0,
    0x00, 0x00, 0x07, 0xf8, 0x00, 0x0f, 0x00, 0x00, 0x00, 0x78, 0x00, 0x00, 0x78, 0x00, 0x00, 0x01, 0xf0, 0x00, 0x0f, 0x00,
    0x00, 0x00, 0x3c, 0x00, 0x00, 0x1e, 0x00, 0x00, 0x00, 0x70, 0x00, 0x0f, 0x00, 0x00, 0x00, 0x1e, 0x00, 0x00, 0x07, 0xc0,
    0x00, 0x00, 0x00, 0x00, 0x1f, 0x00, 0x00, 0x00, 0x0f, 0x00, 0x00, 0x00, 0xf8, 0x00, 0x00, 0x00, 0x00, 0x1e, 0x00, 0x00,
    0x00, 0x07, 0x80, 0x00, 0x00, 0x3f, 0x00, 0x00, 0x00, 0x00, 0x3e, 0x00, 0x00, 0x00, 0x03, 0xc0, 0x00, 0x00, 0x07, 0xe0,
    0x00, 0x00, 0x00, 0xfc, 0x00, 0x00, 0x00, 0x01, 0xe0, 0x00, 0x00, 0x00, 0xfc, 0x00, 0x00, 0x01, 0xfc, 0x00, 0x00, 0x00,
    0x00, 0xf0, 0x00, 0x00, 0x00, 0x1f, 0xe0, 0x00, 0x0f, 0xf0, 0x00, 0x00, 0x00, 0x00, 0x78, 0x00, 0x00, 0x00, 0x03, 0xff,
    0xff, 0xff, 0xe0, 0x00, 0x00, 0x00, 0x00, 0x3c, 0x00, 0x00, 0x00, 0x00, 0x3f, 0xff, 0xff, 0x80, 0x00, 0x00, 0x00, 0x00,
    0x1e, 0x00, 0x00, 0x00, 0x00, 0x00, 0xff, 0xf8, 0x00, 0x00, 0x00, 0x00, 0x00, 0x0f, 0x00, 0x00, 0x00, 0x00, 0x00, 0x00,
    0x00, 0x00, 0x00, 0x00, 0x00, 0x00, 0x07, 0x80, 0x00, 0x00, 0x00, 0x00, 0x00, 0x00, 0x00, 0x00, 0x00, 0x00, 0x00, 0x03,
    0xc0, 0x00, 0x00, 0x00, 0x00, 0x00, 0x00, 0x00, 0x00, 0x00, 0x00, 0x00, 0x01, 0xff, 0xff, 0xff, 0xff, 0xff, 0xff, 0xff,
    0xff, 0xff, 0xff, 0xff, 0xff, 0xff, 0xdf, 0xff, 0xff, 0xff, 0xff, 0xff, 0xff, 0xff, 0xff, 0xff, 0xff, 0xff, 0xff, 0xc7,
    0xff, 0xff, 0xff, 0xff, 0xff, 0xff, 0xff, 0xff, 0xff, 0xff, 0xff, 0xff, 0xc0, 0x00, 0x00, 0x00, 0x00, 0x00, 0x00, 0x00,
    0x00, 0x00, 0x00, 0x00, 0x00, 0x00, 0x00, 0x00, 0x00, 0x00, 0x00, 0x00, 0x00, 0x00, 0x00, 0x00, 0x00, 0x00, 0x00, 0x00,
    0x00, 0x00, 0x00, 0x00, 0x00, 0x00, 0x00, 0x00, 0x00, 0x00, 0x00, 0x00, 0x00, 0x00, 0x00, 0x00, 0x00, 0x00, 0x00, 0x00,
    0x00, 0x00, 0x00, 0x00, 0x00, 0x00, 0x00, 0x00, 0x00, 0x00, 0x00, 0x00, 0x00, 0x00, 0x00, 0x00, 0x00, 0x00, 0x00, 0x00,
    0x00, 0x00, 0x00, 0x00, 0x00, 0x00, 0x00, 0x00, 0x00, 0x00, 0x00, 0x00, 0x00, 0x00, 0x00, 0x00, 0x00, 0x00, 0x00, 0x00,
    0x00, 0x00, 0x00, 0x00, 0x00, 0x00, 0x00, 0x00, 0x00, 0x00, 0x00, 0x00, 0x00, 0x00, 0x00, 0x00, 0x00, 0x30, 0x00, 0x00,
    0x00, 0x00, 0x00, 0x00, 0x00, 0x00, 0x00, 0x00, 0x00, 0x00, 0x18, 0x00, 0x00, 0x00, 0x00, 0x00, 0x00, 0x00, 0x00, 0x00,
    0x00, 0x00, 0x00, 0x1c, 0x01, 0xff, 0xff, 0xff, 0xff, 0xff, 0xff, 0xff, 0xff, 0xff, 0xff, 0xff, 0xff, 0xf1, 0xff, 0xff,
    0xff, 0xff, 0xff, 0xff, 0xff, 0xff, 0xff, 0xff, 0xff, 0xff, 0xfd, 0xff, 0xff, 0xff, 0xff, 0xff, 0xff, 0xff, 0xff, 0xff,
    0xff, 0xff, 0xff, 0xff, 0xc0, 0x00, 0x00, 0x00, 0x00, 0x00, 0x00, 0x00, 0x00, 0x00, 0x00, 0x07, 0x01, 0xe0, 0x00, 0x00,
    0x00, 0x00, 0x00, 0x00, 0x00, 0x00, 0x00, 0x00, 0x07, 0x80, 0xf0, 0x00, 0x00, 0x00, 0x00, 0x00, 0x00, 0x00, 0x00, 0x00,
    0x00, 0x03, 0xc0, 0x78, 0x00, 0x00, 0x00, 0x00, 0x00, 0xff, 0xc0, 0x00, 0x00, 0x00, 0x01, 0xe0, 0x3c, 0x00, 0x00, 0x00,
    0x00, 0x1f, 0xff, 0xff, 0x00, 0x00, 0x00, 0x00, 0xe0, 0x1e, 0x00, 0x00, 0x00, 0x00, 0x7f, 0xff, 0xff, 0xf0, 0x00, 0x00,
    0x07, 0xe0, 0x0f, 0x00, 0x00, 0x00, 0x01, 0xff, 0x00, 0x01, 0xff, 0x00, 0x00, 0x07, 0xf8, 0x07, 0x80, 0x00, 0x00, 0x03,
    0xf8, 0x00, 0x00, 0x0f, 0xe0, 0x00, 0x07, 0xfe, 0x03, 0xc0, 0x00, 0x00, 0x07, 0xe0, 0x00, 0x00, 0x00, 0xfc, 0x00, 0x03,
    0xff, 0x01, 0xe0, 0x00, 0x00, 0x07, 0xc0, 0x00, 0x00, 0x00, 0x1f, 0x80, 0x03, 0xff, 0x80, 0xf0, 0x00, 0x00, 0x0f, 0x80,
    0x00, 0x00, 0x00, 0x03, 0xe0, 0x01, 0xff, 0xe0, 0x78, 0x00, 0x00, 0x0f, 0x00, 0x00, 0x00, 0x00, 0x00, 0x7c, 0x00, 0xff,
    0xf0, 0x3c, 0x00, 0x00, 0x1f, 0x00, 0x00, 0x00, 0x00, 0x00, 0x1f, 0x00, 0x7f, 0xf0, 0x1e, 0x00, 0x00, 0x1e, 0x00, 0x00,
    0x00, 0x00, 0x00, 0x03, 0xc0, 0x1f, 0xf8, 0x0f, 0x00, 0x00, 0x1e, 0x00, 0x00, 0x00, 0x00, 0x00, 0x00, 0xf0, 0x07, 0xf8,
    0x07, 0x80, 0x00, 0x1e, 0x00, 0x00, 0x00, 0x00, 0x00, 0x00, 0x3c, 0x01, 0xf8, 0x03, 0xc0, 0x00, 0x1e, 0x00, 0x00, 0x00,
    0x00, 0x00, 0x00, 0x0f, 0x00, 0xc0, 0x01, 0xe0, 0x00, 0x1e, 0x00, 0x00, 0x00, 0x00, 0x00, 0x00, 0x03, 0xc0, 0xc0, 0x00,
    0xf0, 0x00, 0x1e, 0x00, 0x00, 0x00, 0x00, 0x00, 0x00, 0x00, 0xf0, 0x60, 0x00, 0x78, 0x00, 0x0e, 0x00, 0x00, 0x00, 0x00,
    0x00, 0x00, 0x00, 0x3c, 0x60, 0x00, 0x3c, 0x00, 0x0e, 0x00, 0x00, 0x00, 0x00, 0x00, 0x00, 0x00, 0x0e, 0x30, 0x00, 0x1e,
    0x00, 0x0e, 0x00, 0x00, 0x00, 0x00, 0x00, 0x00, 0x00, 0x03, 0x98, 0x00, 0x0f, 0x00, 0x07, 0x00, 0x00, 0x00, 0x00, 0x00,
    0x00, 0x00, 0x00, 0xf8, 0x00, 0x07, 0x80, 0x07, 0x00, 0x00, 0x00, 0x00, 0x00, 0x00, 0x00, 0x00, 0x7c, 0x00, 0x03, 0xc0,
    0x07, 0x00, 0x00, 0x00, 0x00, 0x00, 0x00, 0x00, 0x00, 0x1c, 0x00, 0x01, 0xe0, 0x03, 0x80, 0x00, 0x00, 0x00, 0x00, 0x00,
    0x02, 0x00, 0x0e, 0x00, 0x00, 0xf0, 0x03, 0x80, 0x00, 0x00, 0x00, 0x00, 0x00, 0x01, 0x80, 0x03, 0x80, 0x00, 0x78, 0x01,
    0xc0, 0x00, 0x00, 0x00, 0x00, 0x00, 0x00, 0x40, 0x03, 0xc0, 0x00, 0x3c, 0x01, 0xc0, 0x00, 0x00, 0x00, 0x00, 0x00, 0x00,
    0x10, 0x01, 0xf0, 0x00, 0x1e, 0x00, 0xe0, 0x00, 0x00, 0x00, 0x00, 0x00, 0x00, 0x0c, 0x01, 0xf8, 0x00, 0x0f, 0x00, 0x60,
    0x00, 0x00, 0x00, 0x00, 0x00, 0x00, 0x02, 0x00, 0xce, 0x00, 0x07, 0x80, 0x70, 0x00, 0x00, 0x00, 0x00, 0x00, 0x00, 0x00,
    0x80, 0x67, 0x00, 0x03, 0xc0, 0x38, 0x00, 0x00, 0x00, 0x00, 0x00, 0x00, 0x00, 0x60, 0x63, 0x80, 0x01, 0xe0, 0x18, 0x00,
    0x00, 0x00, 0x00, 0x00, 0x00, 0x10, 0x10, 0x30, 0xe0, 0x00, 0xf0, 0x1c, 0x00, 0x00, 0x00, 0x00, 0x00, 0x00, 0x0c, 0x08,
    0x38, 0x70, 0x00, 0x78, 0x0e, 0x00, 0x00, 0x00, 0x00, 0x00, 0x00, 0x02, 0x02, 0x18, 0x38, 0x00, 0x3c, 0x07, 0x00, 0x00,
    0x00, 0x00, 0x00, 0x00, 0x01, 0x81, 0x0c, 0x0c, 0x00, 0x1e, 0x03, 0x00, 0x00, 0x00, 0x00, 0x00, 0x00, 0x00, 0x40, 0x8c,
    0x06, 0x00, 0x0f, 0x01, 0x80, 0x00, 0x00, 0x00, 0x00, 0x00, 0x10, 0x20, 0x66, 0x03, 0x80, 0x07, 0x80, 0xc0, 0x00, 0x00,
    0x00, 0x07, 0xf0, 0x08, 0x18, 0x17, 0x01, 0xc0, 0x03, 0xc0, 0xe0, 0x00, 0x00, 0x00, 0x06, 0x0c, 0x06, 0x04, 0x0b, 0x00,
    0xe0, 0x01, 0xe0, 0x70, 0x00, 0x00, 0x00, 0x06, 0x03, 0x01, 0x02, 0x07, 0x80, 0x70, 0x00, 0xf0, 0x38, 0x00, 0x00, 0x00,
    0x02, 0x00, 0x80, 0x81, 0x03, 0x80, 0x38, 0x00, 0x78, 0x1c, 0x00, 0x00, 0x00, 0x01, 0x00, 0x60, 0x40, 0x81, 0xc0, 0x1c,
    0x00, 0x3c, 0x0e, 0x00, 0x00, 0x00, 0x00, 0x80, 0x30, 0x20, 0x40, 0xe0, 0x0e, 0x00, 0x1e, 0x07, 0x00, 0x00, 0x00, 0x00,
    0x40, 0x18, 0x10, 0x20, 0x60, 0x07, 0x00, 0x0f, 0x03, 0x80, 0x00, 0x00, 0x00, 0x20, 0x08, 0x08, 0x10, 0x30, 0x03, 0x80,
    0x07, 0x81, 0xc0, 0x00, 0x00, 0x00, 0x18, 0x0c, 0x00, 0x08, 0x30, 0x01, 0xc0, 0x03, 0xc0, 0xe0, 0x00, 0x00, 0x00, 0x06,
    0x0c, 0x00, 0x04, 0x18, 0x00, 0xe0, 0x01, 0xe0, 0x70, 0x00, 0x00, 0x00, 0x01, 0xfc, 0x00, 0x06, 0x1c, 0x00, 0x70, 0x00,
    0xf0, 0x18, 0x00, 0x00, 0x00, 0x00, 0x38, 0x00, 0x02, 0x0e, 0x00, 0x38, 0x00, 0x78, 0x0c, 0x00, 0x00, 0x00, 0x00, 0x00,
    0x00, 0x00, 0x06, 0x00, 0x18, 0x00, 0x3c, 0x07, 0x00, 0x00, 0x00, 0x00, 0x00, 0x00, 0x00, 0x07, 0x00, 0x0c, 0x00, 0x1e,
    0x03, 0x80, 0x00, 0x00, 0x00, 0x00, 0x00, 0x00, 0x03, 0x80, 0x0e, 0x00, 0x0f, 0x01, 0xc0, 0x00, 0x00, 0x00, 0x00, 0x00,
    0x00, 0x01, 0xc0, 0x07, 0x00, 0x07, 0x80, 0x60, 0x00, 0x00, 0x00, 0x00, 0x00, 0x00, 0x01, 0xc0, 0x03, 0x80, 0x03, 0xc0,
    0x38, 0x00, 0x00, 0x00, 0x00, 0x00, 0x00, 0x00, 0xc0, 0x01, 0x80, 0x01, 0xe0, 0x1c, 0x00, 0x00, 0x00, 0x00, 0x00, 0x00,
    0x00, 0xc0, 0x01, 0xc0, 0x00, 0xf0, 0x06, 0x00, 0x00, 0x00, 0x00, 0x00, 0x00, 0x00, 0x60, 0x00, 0xe0, 0x00, 0x78, 0x03,
    0x80, 0x00, 0x00, 0x00, 0x00, 0x00, 0x00, 0xe0, 0x00, 0xe0, 0x00, 0x3c, 0x01, 0xc0, 0x00, 0x00, 0x00, 0x00, 0x00, 0x00,
    0xe0, 0x00, 0x70, 0x00, 0x1e, 0x00, 0x70, 0x00, 0x00, 0x00, 0x00, 0x00, 0x00, 0xe0, 0x00, 0x30, 0x00, 0x0f, 0x00, 0x38,
    0x00, 0x00, 0x00, 0x00, 0x00, 0x03, 0xe0, 0x00, 0x38, 0x00, 0x07, 0x80, 0x0e, 0x00, 0x00, 0x00, 0x00, 0x00, 0x01, 0xe0,
    0x00, 0x18, 0x00, 0x03, 0xc0, 0x07, 0x00, 0x00, 0x00, 0x00, 0x00, 0x01, 0xe0, 0x00, 0x1c, 0x00, 0x01, 0xe0, 0x01, 0xc0,
    0x00, 0x00, 0x00, 0x00, 0x07, 0xe0, 0x00, 0x1c, 0x00, 0x00, 0xf0, 0x00, 0xf0, 0x00, 0x00, 0x00, 0x00, 0x07, 0xc0, 0x00,
    0x0e, 0x00, 0x00, 0x78, 0x00, 0x38, 0x00, 0x00, 0x00, 0x00, 0x07, 0xe0, 0x00, 0x0e, 0x00, 0x00, 0x3c, 0x00, 0x0e, 0x00,
    0x00, 0x00, 0x00, 0x1f, 0xe0, 0x00, 0x0e, 0x00, 0x00, 0x1e, 0x00, 0x07, 0x80, 0x00, 0x00, 0x00, 0x3f, 0xe0, 0x00, 0x0f,
    0x00, 0x00, 0x0f, 0x00, 0x01, 0xe0, 0x00, 0x00, 0x00, 0x3f, 0xe0, 0x00, 0x07, 0x00, 0x00, 0x07, 0x80, 0x00, 0x78, 0x00,
    0x00, 0x00, 0x3f, 0xc0, 0x00, 0x07, 0x00, 0x00, 0x03, 0xc0, 0x00, 0x1e, 0x00, 0x00, 0x00, 0x3f, 0xe0, 0x00, 0x07, 0x00,
    0x00, 0x01, 0xe0, 0x00, 0x07, 0x80, 0x00, 0x00, 0x0f, 0xf0, 0x00, 0x07, 0x00, 0x00, 0x00, 0xf0, 0x00, 0x01, 0xe0, 0x00,
    0x00, 0x07, 0xf0, 0x00, 0x0f, 0x00, 0x00, 0x00, 0x78, 0x00, 0x00, 0x78, 0x00, 0x00, 0x01, 0xf0, 0x00, 0x0f, 0x00, 0x00,
    0x00, 0x3c, 0x00, 0x00, 0x1e, 0x00, 0x00, 0x00, 0x60, 0x00, 0x0f, 0x00, 0x00, 0x00, 0x1e, 0x00, 0x00, 0x07, 0xc0, 0x00,
    0x00, 0x00, 0x00, 0x1f, 0x00, 0x00, 0x00, 0x0f, 0x00, 0x00, 0x00, 0xf8, 0x00, 0x00, 0x00, 0x00, 0x1e, 0x00, 0x00, 0x00,
    0x07, 0x80, 0x00, 0x00, 0x3f, 0x00, 0x00, 0x00, 0x00, 0x3e, 0x00, 0x00, 0x00, 0x03, 0xc0, 0x00, 0x00, 0x07, 0xe0, 0x00,
    0x00, 0x00, 0xfc, 0x00, 0x00, 0x00, 0x01, 0xe0, 0x00, 0x00, 0x00, 0xfc, 0x00, 0x00, 0x01, 0xfc, 0x00, 0x00, 0x00, 0x00,
    0xf0, 0x00, 0x00, 0x00, 0x1f, 0xe0, 0x00, 0x0f, 0xf0, 0x00, 0x00, 0x00, 0x00, 0x78, 0x00, 0x00, 0x00, 0x03, 0xff, 0xff,
    0xff, 0xe0, 0x00, 0x00, 0x00, 0x00, 0x3c, 0x00, 0x00, 0x00, 0x00, 0x3f, 0xff, 0xff, 0x80, 0x00, 0x00, 0x00, 0x00, 0x1e,
    0x00, 0x00, 0x00, 0x00, 0x00, 0xff, 0xf8, 0x00, 0x00, 0x00, 0x00, 0x00, 0x0f, 0x00, 0x00, 0x00, 0x00, 0x00, 0x00, 0x00,
    0x00, 0x00, 0x00, 0x00, 0x00, 0x07, 0x80, 0x00, 0x00, 0x00, 0x00, 0x00, 0x00, 0x00, 0x00, 0x00, 0x00, 0x00, 0x03, 0xc0,
    0x00, 0x00, 0x00, 0x00, 0x00, 0x00, 0x00, 0x00, 0x00, 0x00, 0x00, 0x01, 0xff, 0xff, 0xff, 0xff, 0xff, 0xff, 0xff, 0xff,
    0xff, 0xff, 0xff, 0xff, 0xff, 0xdf, 0xff, 0xff, 0xff, 0xff, 0xff, 0xff, 0xff, 0xff, 0xff, 0xff, 0xff, 0xff, 0xc7, 0xff,
    0xff, 0xff, 0xff, 0xff, 0xff, 0xff, 0xff, 0xff, 0xff, 0xff, 0xff, 0xc0, 0x00, 0x00, 0x00, 0x00, 0x00, 0x00, 0x00, 0x00,
    0x00, 0x00, 0x00, 0x00, 0x00, 0x00, 0x00, 0x00, 0x00, 0x00, 0x00, 0x00, 0x00, 0x00, 0x00, 0x00, 0x00, 0x00, 0x00, 0x00,
    0x00, 0x00, 0x00, 0x00, 0x00, 0x00, 0x00, 0x00, 0x00, 0x00, 0x00, 0x00, 0x00, 0x00, 0x00, 0x00, 0x00, 0x00, 0x00, 0x00,
    0x00, 0x00, 0x00, 0x00, 0x00, 0x00, 0x00, 0x00, 0x00, 0x00, 0x00, 0x00, 0x00, 0x00, 0x00, 0x00, 0x00, 0x00, 0x00, 0x00,
    0x00, 0x00, 0x00, 0x00, 0x00, 0x00, 0x00, 0x00, 0x00, 0x00, 0x00, 0x00, 0x00, 0x00, 0x00, 0x00, 0x00, 0x00, 0x00, 0x00,
    0x00, 0x00, 0x00, 0x00, 0x00, 0x00, 0x00, 0x00, 0x00, 0x00, 0x00, 0x00, 0x00, 0x00, 0x00, 0x00, 0x10, 0x00, 0x00, 0x00,
    0x00, 0x00, 0x00, 0x00, 0x00, 0x00, 0x00, 0x00, 0x00, 0x18, 0x00, 0x00, 0x00, 0x00, 0x00, 0x00, 0x00, 0x00, 0x00, 0x00,
    0x00, 0x00, 0x0c, 0x01, 0xff, 0xff, 0xff, 0xff, 0xff, 0xff, 0xff, 0xff, 0xff, 0xff, 0xff, 0xff, 0xf1, 0xff, 0xff, 0xff,
    0xff, 0xff, 0xff, 0xff, 0xff, 0xff, 0xff, 0xff, 0xff, 0xfd, 0xff, 0xff, 0xff, 0xff, 0xff, 0xff, 0xff, 0xff, 0xff, 0xff,
    0xff, 0xff, 0xff, 0xc0, 0x00, 0x00, 0x00, 0x00, 0x00, 0x00, 0x00, 0x00, 0x00, 0x00, 0x07, 0x01, 0xe0, 0x00, 0x00, 0x00,
    0x00, 0x00, 0x00, 0x00, 0x00, 0x00, 0x00, 0x07, 0x80, 0xf0, 0x00, 0x00, 0x00, 0x00, 0x00, 0x00, 0x00, 0x00, 0x00, 0x00,
    0x03, 0xc0, 0x78, 0x00, 0x00, 0x00, 0x00, 0x00, 0xff, 0xc0, 0x00, 0x00, 0x00, 0x01, 0xe0, 0x3c, 0x00, 0x00, 0x00, 0x00,
    0x1f, 0xff, 0xff, 0x00, 0x00, 0x00, 0x00, 0xe0, 0x1e, 0x00, 0x00, 0x00, 0x00, 0x7f, 0xff, 0xff, 0xf0, 0x00, 0x00, 0x07,
    0xe0, 0x0f, 0x00, 0x00, 0x00, 0x01, 0xff, 0x00, 0x01, 0xff, 0x00, 0x00, 0x07, 0xf8, 0x07, 0x80, 0x00, 0x00, 0x03, 0xf8,
    0x00, 0x00, 0x0f, 0xe0, 0x00, 0x07, 0xfe, 0x03, 0xc0, 0x00, 0x00, 0x07, 0xe0, 0x00, 0x00, 0x00, 0xfc, 0x00, 0x03, 0xff,
    0x01, 0xe0, 0x00, 0x00, 0x07, 0xc0, 0x00, 0x00, 0x00, 0x1f, 0x80, 0x03, 0xff, 0x80, 0xf0, 0x00, 0x00, 0x0f, 0x80, 0x00,
    0x00, 0x00, 0x03, 0xe0, 0x01, 0xff, 0xe0, 0x78, 0x00, 0x00, 0x0f, 0x00, 0x00, 0x00, 0x00, 0x00, 0x7c, 0x00, 0xff, 0xf0,
    0x3c, 0x00, 0x00, 0x1f, 0x00, 0x00, 0x00, 0x00, 0x00, 0x1f, 0x00, 0x7f, 0xf0, 0x1e, 0x00, 0x00, 0x1e, 0x00, 0x00, 0x00,
    0x00, 0x00, 0x03, 0xc0, 0x1f, 0xf8, 0x0f, 0x00, 0x00, 0x1e, 0x00, 0x00, 0x00, 0x00, 0x00, 0x00, 0xf0, 0x07, 0xf8, 0x07,
    0x80, 0x00, 0x1e, 0x00, 0x00, 0x00, 0x00, 0x00, 0x00, 0x3c, 0x03, 0xf8, 0x03, 0xc0, 0x00, 0x1e, 0x00, 0x00, 0x00, 0x00,
    0x00, 0x00, 0x0f, 0x01, 0xc0, 0x01, 0xe0, 0x00, 0x1e, 0x00, 0x00, 0x00, 0x00, 0x00, 0x00, 0x03, 0xc0, 0xc0, 0x00, 0xf0,
    0x00, 0x1e, 0x00, 0x00, 0x00, 0x00, 0x00, 0x00, 0x00, 0xf0, 0x60, 0x00, 0x78, 0x00, 0x0e, 0x00, 0x00, 0x00, 0x00, 0x00,
    0x00, 0x00, 0x3c, 0x60, 0x00, 0x3c, 0x00, 0x0e, 0x00, 0x00, 0x00, 0x00, 0x00, 0x00, 0x00, 0x0e, 0x30, 0x00, 0x1e, 0x00,
    0x0e, 0x00, 0x00, 0x00, 0x00, 0x00, 0x00, 0x00, 0x03, 0xb0, 0x00, 0x0f, 0x00, 0x07, 0x00, 0x00, 0x00, 0x00, 0x00, 0x00,
    0x00, 0x00, 0xf8, 0x00, 0x07, 0x80, 0x07, 0x00, 0x00, 0x00, 0x00, 0x00, 0x00, 0x00, 0x00, 0x7c, 0x00, 0x03, 0xc0, 0x07,
    0x00, 0x00, 0x00, 0x00, 0x00, 0x00, 0x00, 0x00, 0x1c, 0x00, 0x01, 0xe0, 0x03, 0x80, 0x00, 0x00, 0x00, 0x00, 0x00, 0x00,
    0x00, 0x0e, 0x00, 0x00, 0xf0, 0x03, 0x80, 0x00, 0x00, 0x00, 0x00, 0x00, 0x00, 0x00, 0x07, 0x80, 0x00, 0x78, 0x01, 0xc0,
    0x00, 0x00, 0x00, 0x00, 0x00, 0x00, 0x00, 0x03, 0xc0, 0x00, 0x3c, 0x01, 0xc0, 0x00, 0x00, 0x00, 0x00, 0x00, 0x00, 0x00,
    0x03, 0xf0, 0x00, 0x1e, 0x00, 0xe0, 0x00, 0x00, 0x00, 0x00, 0x00, 0x00, 0x00, 0x01, 0xb8, 0x00, 0x0f, 0x00, 0x60, 0x00,
    0x00, 0x00, 0x00, 0x00, 0x00, 0x00, 0x00, 0xce, 0x00, 0x07, 0x80, 0x70, 0x00, 0x00, 0x00, 0x00, 0x00, 0x00, 0x00, 0x00,
    0xc7, 0x00, 0x03, 0xc0, 0x38, 0x00, 0x00, 0x00, 0x00, 0x00, 0x00, 0x00, 0x00, 0x63, 0x80, 0x01, 0xe0, 0x18, 0x00, 0x00,
    0x00, 0x00, 0x00, 0x00, 0x00, 0x10, 0x70, 0xe0, 0x00, 0xf0, 0x1c, 0x00, 0x00, 0x00, 0x00, 0x00, 0x00, 0x00, 0x08, 0x30,
    0x70, 0x00, 0x78, 0x0e, 0x00, 0x00, 0x00, 0x00, 0x00, 0x00, 0x00, 0x02, 0x18, 0x38, 0x00, 0x3c, 0x07, 0x00, 0x00, 0x00,
    0x00, 0x00, 0x00, 0x00, 0x01, 0x18, 0x0c, 0x00, 0x1e, 0x03, 0x00, 0x00, 0x00, 0x00, 0x00, 0x00, 0x00, 0x00, 0x8c, 0x06,
    0x00, 0x0f, 0x01, 0x80, 0x00, 0x00, 0x00, 0x00, 0x00, 0x00, 0x20, 0x6c, 0x03, 0x80, 0x07, 0x80, 0xc0, 0x00, 0x00, 0x00,
    0x07, 0xf0, 0x00, 0x18, 0x16, 0x01, 0xc0, 0x03, 0xc0, 0xe0, 0x00, 0x00, 0x00, 0x06, 0x0c, 0x00, 0x04, 0x0f, 0x00, 0xe0,
    0x01, 0xe0, 0x70, 0x00, 0x00, 0x00, 0x06, 0x03, 0x00, 0x02, 0x07, 0x00, 0x70, 0x00, 0xf0, 0x38, 0x00, 0x00, 0x00, 0x02,
    0x00, 0x80, 0x81, 0x03, 0x80, 0x38, 0x00, 0x78, 0x1c, 0x00, 0x00, 0x00, 0x01, 0x00, 0x60, 0x40, 0x81, 0x80, 0x1c, 0x00,
    0x3c, 0x0e, 0x00, 0x00, 0x00, 0x00, 0x80, 0x30, 0x20, 0x40, 0xc0, 0x0e, 0x00, 0x1e, 0x07, 0x00, 0x00, 0x00, 0x00, 0x40,
    0x18, 0x10, 0x20, 0xe0, 0x07, 0x00, 0x0f, 0x03, 0x80, 0x00, 0x00, 0x00, 0x20, 0x08, 0x08, 0x10, 0x60, 0x03, 0x80, 0x07,
    0x81, 0xc0, 0x00, 0x00, 0x00, 0x18, 0x0c, 0x04, 0x08, 0x30, 0x01, 0xc0, 0x03, 0xc0, 0xe0, 0x00, 0x00, 0x00, 0x06, 0x0c,
    0x06, 0x04, 0x38, 0x00, 0xe0, 0x01, 0xe0, 0x70, 0x00, 0x00, 0x00, 0x01, 0xfc, 0x02, 0x06, 0x1c, 0x00, 0x70, 0x00, 0xf0,
    0x18, 0x00, 0x00, 0x00, 0x00, 0x38, 0x01, 0x02, 0x1e, 0x00, 0x38, 0x00, 0x78, 0x0c, 0x00, 0x00, 0x00, 0x00, 0x00, 0x00,
    0x01, 0x0e, 0x00, 0x18, 0x00, 0x3c, 0x07, 0x00, 0x00, 0x00, 0x00, 0x00, 0x00, 0x01, 0x87, 0x00, 0x0c, 0x00, 0x1e, 0x03,
    0x80, 0x00, 0x00, 0x00, 0x00, 0x00, 0x00, 0x87, 0x80, 0x0e, 0x00, 0x0f, 0x01, 0xc0, 0x00, 0x00, 0x00, 0x00, 0x00, 0x00,
    0xc3, 0xc0, 0x07, 0x00, 0x07, 0x80, 0x60, 0x00, 0x00, 0x00, 0x00, 0x00, 0x00, 0x43, 0xc0, 0x03, 0x80, 0x03, 0xc0, 0x38,
    0x00, 0x00, 0x00, 0x00, 0x00, 0x00, 0x41, 0xe0, 0x01, 0x80, 0x01, 0xe0, 0x1c, 0x00, 0x00, 0x00, 0x00, 0x00, 0x00, 0x01,
    0xe0, 0x01, 0xc0, 0x00, 0xf0, 0x06, 0x00, 0x00, 0x00, 0x00, 0x00, 0x00, 0x01, 0xf0, 0x00, 0xe0, 0x00, 0x78, 0x03, 0x80,
    0x00, 0x00, 0x00, 0x00, 0x00, 0x01, 0xf0, 0x00, 0xe0, 0x00, 0x3c, 0x01, 0xc0, 0x00, 0x00, 0x00, 0x00, 0x00, 0x01, 0xf0,
    0x00, 0x70, 0x00, 0x1e, 0x00, 0x70, 0x00, 0x00, 0x00, 0x00, 0x00, 0x01, 0xd8, 0x00, 0x30, 0x00, 0x0f, 0x00, 0x38, 0x00,
    0x00, 0x00, 0x00, 0x00, 0x07, 0xd8, 0x00, 0x38, 0x00, 0x07, 0x80, 0x0e, 0x00, 0x00, 0x00, 0x00, 0x00, 0x03, 0xc0, 0x00,
    0x18, 0x00, 0x03, 0xc0, 0x07, 0x00, 0x00, 0x00, 0x00, 0x00, 0x0f, 0xc0, 0x00, 0x1c, 0x00, 0x01, 0xe0, 0x01, 0xc0, 0x00,
    0x00, 0x00, 0x00, 0x0f, 0xc0, 0x00, 0x1c, 0x00, 0x00, 0xf0, 0x00, 0xf0, 0x00, 0x00, 0x00, 0x00, 0x1f, 0x80, 0x00, 0x0e,
    0x00, 0x00, 0x78, 0x00, 0x38, 0x00, 0x00, 0x00, 0x00, 0x1f, 0xc0, 0x00, 0x0e, 0x00, 0x00, 0x3c, 0x00, 0x0e, 0x00, 0x00,
    0x00, 0x00, 0x7f, 0xc0, 0x00, 0x0e, 0x00, 0x00, 0x1e, 0x00, 0x07, 0x80, 0x00, 0x00, 0x00, 0x7f, 0xc0, 0x00, 0x0f, 0x00,
    0x00, 0x0f, 0x00, 0x01, 0xe0, 0x00, 0x00, 0x00, 0x7f, 0x80, 0x00, 0x07, 0x00, 0x00, 0x07, 0x80, 0x00, 0x78, 0x00, 0x00,
    0x00, 0x7f, 0x80, 0x00, 0x07, 0x00, 0x00, 0x03, 0xc0, 0x00, 0x1e, 0x00, 0x00, 0x00, 0x3f, 0xc0, 0x00, 0x07, 0x00, 0x00,
    0x01, 0xe0, 0x00, 0x07, 0x80, 0x00, 0x00, 0x1f, 0xe0, 0x00, 0x07, 0x00, 0x00, 0x00, 0xf0, 0x00, 0x01, 0xe0, 0x00, 0x00,
    0x0f, 0xc0, 0x00, 0x0f, 0x00, 0x00, 0x00, 0x78, 0x00, 0x00, 0x78, 0x00, 0x00, 0x03, 0xc0, 0x00, 0x0f, 0x00, 0x00, 0x00,
    0x3c, 0x00, 0x00, 0x1e, 0x00, 0x00, 0x00, 0x40, 0x00, 0x0f, 0x00, 0x00, 0x00, 0x1e, 0x00, 0x00, 0x07, 0xc0, 0x00, 0x00,
    0x00, 0x00, 0x1f, 0x00, 0x00, 0x00, 0x0f, 0x00, 0x00, 0x00, 0xf8, 0x00, 0x00, 0x00, 0x00, 0x1e, 0x00, 0x00, 0x00, 0x07,
    0x80, 0x00, 0x00, 0x3f, 0x00, 0x00, 0x00, 0x00, 0x3e, 0x00, 0x00, 0x00, 0x03, 0xc0, 0x00, 0x00, 0x07, 0xe0, 0x00, 0x00,
    0x00, 0xfc, 0x00, 0x00, 0x00, 0x01, 0xe0, 0x00, 0x00, 0x00, 0xfc, 0x00, 0x00, 0x01, 0xfc, 0x00, 0x00, 0x00, 0x00, 0xf0,
    0x00, 0x00, 0x00, 0x1f, 0xe0, 0x00, 0x0f, 0xf0, 0x00, 0x00, 0x00, 0x00, 0x78, 0x00, 0x00, 0x00, 0x03, 0xff, 0xff, 0xff,
    0xe0, 0x00, 0x00, 0x00, 0x00, 0x3c, 0x00, 0x00, 0x00, 0x00, 0x3f, 0xff, 0xff, 0x80, 0x00, 0x00, 0x00, 0x00, 0x1e, 0x00,
    0x00, 0x00, 0x00, 0x00, 0xff, 0xf8, 0x00, 0x00, 0x00, 0x00, 0x00, 0x0f, 0x00, 0x00, 0x00, 0x00, 0x00, 0x00, 0x00, 0x00,
    0x00, 0x00, 0x00, 0x00, 0x07, 0x80, 0x00, 0x00, 0x00, 0x00, 0x00, 0x00, 0x00, 0x00, 0x00, 0x00, 0x00, 0x03, 0xc0, 0x00,
    0x00, 0x00, 0x00, 0x00, 0x00, 0x00, 0x00, 0x00, 0x00, 0x00, 0x01, 0xff, 0xff, 0xff, 0xff, 0xff, 0xff, 0xff, 0xff, 0xff,
    0xff, 0xff, 0xff, 0xff, 0xdf, 0xff, 0xff, 0xff, 0xff, 0xff, 0xff, 0xff, 0xff, 0xff, 0xff, 0xff, 0xff, 0xc7, 0xff, 0xff,
    0xff, 0xff, 0xff, 0xff, 0xff, 0xff, 0xff, 0xff, 0xff, 0xff, 0xc0, 0x00, 0x00, 0x00, 0x00, 0x00, 0x00, 0x00, 0x00, 0x00,
    0x00, 0x00, 0x00, 0x00, 0x00, 0x00, 0x00, 0x00, 0x00, 0x00, 0x00, 0x00, 0x00, 0x00, 0x00, 0x00, 0x00, 0x00, 0x00, 0x00,
    0x00, 0x00, 0x00, 0x00, 0x00, 0x00, 0x00, 0x00, 0x00, 0x00, 0x00, 0x00, 0x00, 0x00, 0x00, 0x00, 0x00, 0x00, 0x00, 0x00,
    0x00, 0x00, 0x00, 0x00, 0x00, 0x00, 0x00, 0x00, 0x00, 0x00, 0x00, 0x00, 0x00, 0x00, 0x00, 0x00, 0x00, 0x00, 0x00, 0x00,
    0x00, 0x00, 0x00, 0x00, 0x00, 0x00, 0x00, 0x00, 0x00, 0x00, 0x00, 0x00, 0x00, 0x00, 0x00, 0x00, 0x00, 0x00, 0x00, 0x00,
    0x00, 0x00, 0x00, 0x00, 0x00, 0x00, 0x00, 0x00, 0x00, 0x00, 0x00, 0x00, 0x00, 0x00, 0x00, 0x18, 0x00, 0x00, 0x00, 0x00,
    0x00, 0x00, 0x00, 0x00, 0x00, 0x00, 0x00, 0x00, 0x18, 0x00, 0x00, 0x00, 0x00, 0x00, 0x00, 0x00, 0x00, 0x00, 0x00, 0x00,
    0x00, 0x0c, 0x01, 0xff, 0xff, 0xff, 0xff, 0xff, 0xff, 0xff, 0xff, 0xff, 0xff, 0xff, 0xff, 0xf1, 0xff, 0xff, 0xff, 0xff,
    0xff, 0xff, 0xff, 0xff, 0xff, 0xff, 0xff, 0xff, 0xfd, 0xff, 0xff, 0xff, 0xff, 0xff, 0xff, 0xff, 0xff, 0xff, 0xff, 0xff,
    0xff, 0xff, 0xc0, 0x00, 0x00, 0x00, 0x00, 0x00, 0x00, 0x00, 0x00, 0x00, 0x00, 0x07, 0x01, 0xe0, 0x00, 0x00, 0x00, 0x00,
    0x00, 0x00, 0x00, 0x00, 0x00, 0x00, 0x07, 0xc0, 0xf0, 0x00, 0x00, 0x00, 0x00, 0x00, 0x00, 0x00, 0x00, 0x00, 0x00, 0x03,
    0xc0, 0x78, 0x00, 0x00, 0x00, 0x00, 0x00, 0xff, 0xc0, 0x00, 0x00, 0x00, 0x01, 0xe0, 0x3c, 0x00, 0x00, 0x00, 0x00, 0x1f,
    0xff, 0xff, 0x00, 0x00, 0x00, 0x00, 0xe0, 0x1e, 0x00, 0x00, 0x00, 0x00, 0x7f, 0xff, 0xff, 0xf0, 0x00, 0x00, 0x07, 0xe0,
    0x0f, 0x00, 0x00, 0x00, 0x01, 0xff, 0x00, 0x01, 0xff, 0x00, 0x00, 0x07, 0xf8, 0x07, 0x80, 0x00, 0x00, 0x03, 0xf8, 0x00,
    0x00, 0x0f, 0xe0, 0x00, 0x07, 0xfe, 0x03, 0xc0, 0x00, 0x00, 0x07, 0xe0, 0x00, 0x00, 0x00, 0xfc, 0x00, 0x03, 0xff, 0x01,
    0xe0, 0x00, 0x00, 0x07, 0xc0, 0x00, 0x00, 0x00, 0x1f, 0x80, 0x03, 0xff, 0x80, 0xf0, 0x00, 0x00, 0x0f, 0x80, 0x00, 0x00,
    0x00, 0x03, 0xe0, 0x01, 0xff, 0xe0, 0x78, 0x00, 0x00, 0x0f, 0x00, 0x00, 0x00, 0x00, 0x00, 0x7c, 0x00, 0xff, 0xf0, 0x3c,
    0x00, 0x00, 0x1f, 0x00, 0x00, 0x00, 0x00, 0x00, 0x1f, 0x00, 0x7f, 0xf0, 0x1e, 0x00, 0x00, 0x1e, 0x00, 0x00, 0x00, 0x00,
    0x00, 0x03, 0xc0, 0x1f, 0xf8, 0x0f, 0x00, 0x00, 0x1e, 0x00, 0x00, 0x00, 0x00, 0x00, 0x00, 0xf0, 0x07, 0xf8, 0x07, 0x80,
    0x00, 0x1e, 0x00, 0x00, 0x00, 0x00, 0x00, 0x00, 0x3c, 0x03, 0xf8, 0x03, 0xc0, 0x00, 0x1e, 0x00, 0x00, 0x00, 0x00, 0x00,
    0x00, 0x0f, 0x01, 0xc0, 0x01, 0xe0, 0x00, 0x1e, 0x00, 0x00, 0x00, 0x00, 0x00, 0x00, 0x03, 0xc0, 0xc0, 0x00, 0xf0, 0x00,
    0x1e, 0x00, 0x00, 0x00, 0x00, 0x00, 0x00, 0x00, 0xf0, 0xe0, 0x00, 0x78, 0x00, 0x0e, 0x00, 0x00, 0x00, 0x00, 0x00, 0x00,
    0x00, 0x3c, 0x60, 0x00, 0x3c, 0x00, 0x0e, 0x00, 0x00, 0x00, 0x00, 0x00, 0x00, 0x00, 0x0e, 0x30, 0x00, 0x1e, 0x00, 0x0e,
    0x00, 0x00, 0x00, 0x00, 0x00, 0x00, 0x00, 0x03, 0xb0, 0x00, 0x0f, 0x00, 0x07, 0x00, 0x00, 0x00, 0x00, 0x00, 0x00, 0x00,
    0x00, 0xf8, 0x00, 0x07, 0x80, 0x07, 0x00, 0x00, 0x00, 0x00, 0x00, 0x00, 0x00, 0x00, 0x78, 0x00, 0x03, 0xc0, 0x07, 0x00,
    0x00, 0x00, 0x00, 0x00, 0x00, 0x00, 0x00, 0x1c, 0x00, 0x01, 0xe0, 0x03, 0x80, 0x00, 0x00, 0x00, 0x00, 0x00, 0x00, 0x00,
    0x0e, 0x00, 0x00, 0xf0, 0x03, 0x80, 0x00, 0x00, 0x00, 0x00, 0x00, 0x00, 0x00, 0x07, 0x80, 0x00, 0x78, 0x01, 0xc0, 0x00,
    0x00, 0x00, 0x00, 0x00, 0x00, 0x00, 0x03, 0xc0, 0x00, 0x3c, 0x01, 0xc0, 0x00, 0x00, 0x00, 0x00, 0x00, 0x00, 0x00, 0x03,
    0xf0, 0x00, 0x1e, 0x00, 0xe0, 0x00, 0x00, 0x00, 0x00, 0x00, 0x00, 0x00, 0x01, 0xb8, 0x00, 0x0f, 0x00, 0x60, 0x00, 0x00,
    0x00, 0x00, 0x00, 0x00, 0x00, 0x01, 0x8e, 0x00, 0x07, 0x80, 0x70, 0x00, 0x00, 0x00, 0x00, 0x00, 0x00, 0x00, 0x00, 0xc7,
    0x00, 0x03, 0xc0, 0x38, 0x00, 0x00, 0x00, 0x00, 0x00, 0x00, 0x00, 0x00, 0xe3, 0x80, 0x01, 0xe0, 0x18, 0x00, 0x00, 0x00,
    0x00, 0x00, 0x00, 0x00, 0x00, 0x60, 0xe0, 0x00, 0xf0, 0x1c, 0x00, 0x00, 0x00, 0x00, 0x00, 0x00, 0x00, 0x00, 0x30, 0x70,
    0x00, 0x78, 0x0e, 0x00, 0x00, 0x00, 0x00, 0x00, 0x00, 0x00, 0x00, 0x30, 0x38, 0x00, 0x3c, 0x07, 0x00, 0x00, 0x00, 0x00,
    0x00, 0x00, 0x00, 0x00, 0x18, 0x0c, 0x00, 0x1e, 0x03, 0x00, 0x00, 0x00, 0x00, 0x00, 0x00, 0x00, 0x00, 0x18, 0x06, 0x00,
    0x0f, 0x01, 0x80, 0x00, 0x00, 0x00, 0x00, 0x00, 0x00, 0x00, 0x0c, 0x03, 0x80, 0x07, 0x80, 0xc0, 0x00, 0x00, 0x00, 0x07,
    0xf0, 0x00, 0x00, 0x0e, 0x01, 0xc0, 0x03, 0xc0, 0xe0, 0x00, 0x00, 0x00, 0x06, 0x0c, 0x00, 0x00, 0x0e, 0x00, 0xe0, 0x01,
    0xe0, 0x70, 0x00, 0x00, 0x00, 0x06, 0x03, 0x00, 0x00, 0x07, 0x00, 0x70, 0x00, 0xf0, 0x38, 0x00, 0x00, 0x00, 0x02, 0x00,
    0x80, 0x00, 0x03, 0x00, 0x38, 0x00, 0x78, 0x1c, 0x00, 0x00, 0x00, 0x01, 0x00, 0x60, 0x00, 0x01, 0x80, 0x1c, 0x00, 0x3c,
    0x0e, 0x00, 0x00, 0x00, 0x00, 0x80, 0x30, 0x00, 0x01, 0x80, 0x0e, 0x00, 0x1e, 0x07, 0x00, 0x00, 0x00, 0x00, 0x40, 0x18,
    0x00, 0x20, 0xc0, 0x07, 0x00, 0x0f, 0x03, 0x80, 0x00, 0x00, 0x00, 0x20, 0x08, 0x08, 0x10, 0xe0, 0x03, 0x80, 0x07, 0x81,
    0xc0, 0x00, 0x00, 0x00, 0x18, 0x0c, 0x04, 0x08, 0x70, 0x01, 0xc0, 0x03, 0xc0, 0xe0, 0x00, 0x00, 0x00, 0x06, 0x0c, 0x06,
    0x04, 0x38, 0x00, 0xe0, 0x01, 0xe0, 0x70, 0x00, 0x00, 0x00, 0x01, 0xfc, 0x02, 0x06, 0x3c, 0x00, 0x70, 0x00, 0xf0, 0x18,
    0x00, 0x00, 0x00, 0x00, 0x38, 0x01, 0x02, 0x1e, 0x00, 0x38, 0x00, 0x78, 0x0c, 0x00, 0x00, 0x00, 0x00, 0x00, 0x01, 0x01,
    0x1a, 0x00, 0x18, 0x00, 0x3c, 0x07, 0x00, 0x00, 0x00, 0x00, 0x00, 0x01, 0x81, 0x8d, 0x00, 0x0c, 0x00, 0x1e, 0x03, 0x80,
    0x00, 0x00, 0x00, 0x00, 0x01, 0x80, 0x8e, 0x80, 0x0e, 0x00, 0x0f, 0x01, 0xc0, 0x00, 0x00, 0x00, 0x00, 0x00, 0x00, 0xc6,
    0xc0, 0x07, 0x00, 0x07, 0x80, 0x60, 0x00, 0x00, 0x00, 0x00, 0x00, 0x00, 0x43, 0x40, 0x03, 0x80, 0x03, 0xc0, 0x38, 0x00,
    0x00, 0x00, 0x00, 0x00, 0x00, 0x63, 0x60, 0x01, 0x80, 0x01, 0xe0, 0x1c, 0x00, 0x00, 0x00, 0x00, 0x00, 0x00, 0x61, 0xa0,
    0x01, 0xc0, 0x00, 0xf0, 0x06, 0x00, 0x00, 0x00, 0x00, 0x00, 0x00, 0x63, 0xb0, 0x00, 0xe0, 0x00, 0x78, 0x03, 0x80, 0x00,
    0x00, 0x00, 0x00, 0x00, 0x63, 0x90, 0x00, 0xe0, 0x00, 0x3c, 0x01, 0xc0, 0x00, 0x00, 0x00, 0x00, 0x00, 0x63, 0x90, 0x00,
    0x70, 0x00, 0x1e, 0x00, 0x70, 0x00, 0x00, 0x00, 0x00, 0x00, 0x0f, 0x98, 0x00, 0x30, 0x00, 0x0f, 0x00, 0x38, 0x00, 0x00,
    0x00, 0x00, 0x00, 0x0f, 0x18, 0x00, 0x38, 0x00, 0x07, 0x80, 0x0e, 0x00, 0x00, 0x00, 0x00, 0x00, 0x07, 0x98, 0x00, 0x18,
    0x00, 0x03, 0xc0, 0x07, 0x00, 0x00, 0x00, 0x00, 0x00, 0x1f, 0x98, 0x00, 0x1c, 0x00, 0x01, 0xe0, 0x01, 0xc0, 0x00, 0x00,
    0x00, 0x00, 0x3e, 0x18, 0x00, 0x1c, 0x00, 0x00, 0xf0, 0x00, 0xf0, 0x00, 0x00, 0x00, 0x00, 0x3f, 0x18, 0x00, 0x0e, 0x00,
    0x00, 0x78, 0x00, 0x38, 0x00, 0x00, 0x00, 0x00, 0xff, 0xb0, 0x00, 0x0e, 0x00, 0x00, 0x3c, 0x00, 0x0e, 0x00, 0x00, 0x00,
    0x00, 0xff, 0x10, 0x00, 0x0e, 0x00, 0x00, 0x1e, 0x00, 0x07, 0x80, 0x00, 0x00, 0x01, 0xff, 0x00, 0x00, 0x0f, 0x00, 0x00,
    0x0f, 0x00, 0x01, 0xe0, 0x00, 0x00, 0x01, 0xff, 0x00, 0x00, 0x07, 0x00, 0x00, 0x07, 0x80, 0x00, 0x78, 0x00, 0x00, 0x00,
    0xff, 0x00, 0x00, 0x07, 0x00, 0x00, 0x03, 0xc0, 0x00, 0x1e, 0x00, 0x00, 0x00, 0x7f, 0x80, 0x00, 0x07, 0x00, 0x00, 0x01,
    0xe0, 0x00, 0x07, 0x80, 0x00, 0x00, 0x3f, 0x80, 0x00, 0x07, 0x00, 0x00, 0x00, 0xf0, 0x00, 0x01, 0xe0, 0x00, 0x00, 0x0f,
    0x80, 0x00, 0x0f, 0x00, 0x00, 0x00, 0x78, 0x00, 0x00, 0x78, 0x00, 0x00, 0x03, 0x00, 0x00, 0x0f, 0x00, 0x00, 0x00, 0x3c,
    0x00, 0x00, 0x1e, 0x00, 0x00, 0x00, 0x00, 0x00, 0x0f, 0x00, 0x00, 0x00, 0x1e, 0x00, 0x00, 0x07, 0xc0, 0x00, 0x00, 0x00,
    0x00, 0x1f, 0x00, 0x00, 0x00, 0x0f, 0x00, 0x00, 0x00, 0xf8, 0x00, 0x00, 0x00, 0x00, 0x1e, 0x00, 0x00, 0x00, 0x07, 0x80,
    0x00, 0x00, 0x3f, 0x00, 0x00, 0x00, 0x00, 0x3e, 0x00, 0x00, 0x00, 0x03, 0xc0, 0x00, 0x00, 0x07, 0xe0, 0x00, 0x00, 0x00,
    0xfc, 0x00, 0x00, 0x00, 0x01, 0xe0, 0x00, 0x00, 0x00, 0xfc, 0x00, 0x00, 0x01, 0xfc, 0x00, 0x00, 0x00, 0x00, 0xf0, 0x00,
    0x00, 0x00, 0x1f, 0xe0, 0x00, 0x0f, 0xf0, 0x00, 0x00, 0x00, 0x00, 0x78, 0x00, 0x00, 0x00, 0x03, 0xff, 0xff, 0xff, 0xe0,
    0x00, 0x00, 0x00, 0x00, 0x3c, 0x00, 0x00, 0x00, 0x00, 0x3f, 0xff, 0xff, 0x80, 0x00, 0x00, 0x00, 0x00, 0x1e, 0x00, 0x00,
    0x00, 0x00, 0x00, 0xff, 0xf8, 0x00, 0x00, 0x00, 0x00, 0x00, 0x0f, 0x00, 0x00, 0x00, 0x00, 0x00, 0x00, 0x00, 0x00, 0x00,
    0x00, 0x00, 0x00, 0x07, 0x80, 0x00, 0x00, 0x00, 0x00, 0x00, 0x00, 0x00, 0x00, 0x00, 0x00, 0x00, 0x03, 0xc0, 0x00, 0x00,
    0x00, 0x00, 0x00, 0x00, 0x00, 0x00, 0x00, 0x00, 0x00, 0x01, 0xff, 0xff, 0xff, 0xff, 0xff, 0xff, 0xff, 0xff, 0xff, 0xff,
    0xff, 0xff, 0xff, 0xdf, 0xff, 0xff, 0xff, 0xff, 0xff, 0xff, 0xff, 0xff, 0xff, 0xff, 0xff, 0xff, 0xc7, 0xff, 0xff, 0xff,
    0xff, 0xff, 0xff, 0xff, 0xff, 0xff, 0xff, 0xff, 0xff, 0xc0, 0x00, 0x00, 0x00, 0x00, 0x00, 0x00, 0x00, 0x00, 0x00, 0x00,
    0x00, 0x00, 0x00, 0x00, 0x00, 0x00, 0x00, 0x00, 0x00, 0x00, 0x00, 0x00, 0x00, 0x00, 0x00, 0x00, 0x00, 0x00, 0x00, 0x00,
    0x00, 0x00, 0x00, 0x00, 0x00, 0x00, 0x00, 0x00, 0x00, 0x00, 0x00, 0x00, 0x00, 0x00, 0x00, 0x00, 0x00, 0x00, 0x00, 0x00,
    0x00, 0x00, 0x00, 0x00, 0x00, 0x00, 0x00, 0x00, 0x00, 0x00, 0x00, 0x00, 0x00, 0x00, 0x00, 0x00, 0x00, 0x00, 0x00, 0x00,
    0x00, 0x00, 0x00, 0x00, 0x00, 0x00, 0x00, 0x00, 0x00, 0x00, 0x00, 0x00, 0x00, 0x00, 0x00, 0x00, 0x00, 0x00, 0x00, 0x00,
    0x00, 0x00, 0x00, 0x00, 0x00, 0x00, 0x00, 0x00, 0x00, 0x00, 0x00, 0x00, 0x00, 0x00, 0x18, 0x00, 0x00, 0x00, 0x00, 0x00,
    0x00, 0x00, 0x00, 0x00, 0x00, 0x00, 0x00, 0x0c, 0x00, 0x00, 0x00, 0x00, 0x00, 0x00, 0x00, 0x00, 0x00, 0x00, 0x00, 0x00,
    0x0c, 0x01, 0xff, 0xff, 0xff, 0xff, 0xff, 0xff, 0xff, 0xff, 0xff, 0xff, 0xff, 0xff, 0xf1, 0xff, 0xff, 0xff, 0xff, 0xff,
    0xff, 0xff, 0xff, 0xff, 0xff, 0xff, 0xff, 0xfd, 0xff, 0xff, 0xff, 0xff, 0xff, 0xff, 0xff, 0xff, 0xff, 0xff, 0xff, 0xff,
    0xff, 0xc0, 0x00, 0x00, 0x00, 0x00, 0x00, 0x00, 0x00, 0x00, 0x00, 0x00, 0x07, 0x81, 0xe0, 0x00, 0x00, 0x00, 0x00, 0x00,
    0x00, 0x00, 0x00, 0x00, 0x00, 0x03, 0xc0, 0xf0, 0x00, 0x00, 0x00, 0x00, 0x00, 0x00, 0x00, 0x00, 0x00, 0x00, 0x03, 0xe0,
    0x78, 0x00, 0x00, 0x00, 0x00, 0x00, 0xff, 0xc0, 0x00, 0x00, 0x00, 0x01, 0xe0, 0x3c, 0x00, 0x00, 0x00, 0x00, 0x1f, 0xff,
    0xff, 0x00, 0x00, 0x00, 0x00, 0x70, 0x1e, 0x00, 0x00, 0x00, 0x00, 0x7f, 0xff, 0xff, 0xf0, 0x00, 0x00, 0x07, 0xe0, 0x0f,
    0x00, 0x00, 0x00, 0x01, 0xff, 0x00, 0x01, 0xff, 0x00, 0x00, 0x07, 0xf8, 0x07, 0x80, 0x00, 0x00, 0x03, 0xf8, 0x00, 0x00,
    0x0f, 0xe0, 0x00, 0x07, 0xfe, 0x03, 0xc0, 0x00, 0x00, 0x07, 0xe0, 0x00, 0x00, 0x00, 0xfc, 0x00, 0x03, 0xff, 0x01, 0xe0,
    0x00, 0x00, 0x07, 0xc0, 0x00, 0x00, 0x00, 0x1f, 0x80, 0x03, 0xff, 0x80, 0xf0, 0x00, 0x00, 0x0f, 0x80, 0x00, 0x00, 0x00,
    0x03, 0xe0, 0x01, 0xff, 0xe0, 0x78, 0x00, 0x00, 0x0f, 0x00, 0x00, 0x00, 0x00, 0x00, 0x7c, 0x00, 0xff, 0xf0, 0x3c, 0x00,
    0x00, 0x1f, 0x00, 0x00, 0x00, 0x00, 0x00, 0x1f, 0x00, 0x7f, 0xf0, 0x1e, 0x00, 0x00, 0x1e, 0x00, 0x00, 0x00, 0x00, 0x00,
    0x03, 0xc0, 0x1f, 0xf8, 0x0f, 0x00, 0x00, 0x1e, 0x00, 0x00, 0x00, 0x00, 0x00, 0x00, 0xf0, 0x07, 0xf8, 0x07, 0x80, 0x00,
    0x1e, 0x00, 0x00, 0x00, 0x00, 0x00, 0x00, 0x3c, 0x03, 0xf8, 0x03, 0xc0, 0x00, 0x1e, 0x00, 0x00, 0x00, 0x00, 0x00, 0x00,
    0x0f, 0x01, 0xc0, 0x01, 0xe0, 0x00, 0x1e, 0x00, 0x00, 0x00, 0x00, 0x00, 0x00, 0x03, 0xc0, 0xc0, 0x00, 0xf0, 0x00, 0x1e,
    0x00, 0x00, 0x00, 0x00, 0x00, 0x00, 0x00, 0xf0, 0xc0, 0x00, 0x78, 0x00, 0x0e, 0x00, 0x00, 0x00, 0x00, 0x00, 0x00, 0x00,
    0x3c, 0x60, 0x00, 0x3c, 0x00, 0x0e, 0x00, 0x00, 0x00, 0x00, 0x00, 0x00, 0x00, 0x0e, 0x70, 0x00, 0x1e, 0x00, 0x0e, 0x00,
    0x00, 0x00, 0x00, 0x00, 0x00, 0x00, 0x03, 0xb0, 0x00, 0x0f, 0x00, 0x07, 0x00, 0x00, 0x00, 0x00, 0x00, 0x00, 0x00, 0x00,
    0xf8, 0x00, 0x07, 0x80, 0x07, 0x00, 0x00, 0x00, 0x00, 0x00, 0x00, 0x00, 0x00, 0x78, 0x00, 0x03, 0xc0, 0x07, 0x00, 0x00,
    0x00, 0x00, 0x00, 0x00, 0x00, 0x00, 0x1c, 0x00, 0x01, 0xe0, 0x03, 0x80, 0x00, 0x00, 0x00, 0x00, 0x00, 0x00, 0x00, 0x0e,
    0x00, 0x00, 0xf0, 0x03, 0x80, 0x00, 0x00, 0x00, 0x00, 0x00, 0x00, 0x00, 0x07, 0x80, 0x00, 0x78, 0x01, 0xc0, 0x00, 0x00,
    0x00, 0x00, 0x00, 0x00, 0x00, 0x07, 0xc0, 0x00, 0x3c, 0x01, 0xc0, 0x00, 0x00, 0x00, 0x00, 0x00, 0x00, 0x00, 0x03, 0x70,
    0x00, 0x1e, 0x00, 0xe0, 0x00, 0x00, 0x00, 0x00, 0x00, 0x00, 0x00, 0x03, 0xb8, 0x00, 0x0f, 0x00, 0x60, 0x00, 0x00, 0x00,
    0x00, 0x00, 0x00, 0x00, 0x01, 0x8e, 0x00, 0x07, 0x80, 0x70, 0x00, 0x00, 0x00, 0x00, 0x00, 0x00, 0x00, 0x01, 0xc7, 0x00,
    0x03, 0xc0, 0x38, 0x00, 0x00, 0x00, 0x00, 0x00, 0x00, 0x00, 0x00, 0xc3, 0x80, 0x01, 0xe0, 0x18, 0x00, 0x00, 0x00, 0x00,
    0x00, 0x00, 0x00, 0x00, 0x60, 0xe0, 0x00, 0xf0, 0x1c, 0x00, 0x00, 0x00, 0x00, 0x00, 0x00, 0x00, 0x00, 0x60, 0x70, 0x00,
    0x78, 0x0e, 0x00, 0x00, 0x00, 0x00, 0x00, 0x00, 0x00, 0x00, 0x30, 0x38, 0x00, 0x3c, 0x07, 0x00, 0x00, 0x00, 0x00, 0x00,
    0x00, 0x00, 0x00, 0x30, 0x0c, 0x00, 0x1e, 0x03, 0x00, 0x00, 0x00, 0x00, 0x00, 0x00, 0x00, 0x00, 0x18, 0x06, 0x00, 0x0f,
    0x01, 0x80, 0x00, 0x00, 0x00, 0x00, 0x00, 0x00, 0x00, 0x1c, 0x03, 0x80, 0x07, 0x81, 0xc0, 0x00, 0x00, 0x00, 0x07, 0xf0,
    0x00, 0x00, 0x0c, 0x01, 0xc0, 0x03, 0xc0, 0xe0, 0x00, 0x00, 0x00, 0x06, 0x0c, 0x00, 0x00, 0x0e, 0x00, 0xe0, 0x01, 0xe0,
    0x70, 0x00, 0x00, 0x00, 0x06, 0x03, 0x00, 0x00, 0x06, 0x00, 0x70, 0x00, 0xf0, 0x38, 0x00, 0x00, 0x00, 0x02, 0x00, 0x80,
    0x00, 0x03, 0x00, 0x38, 0x00, 0x78, 0x1c, 0x00, 0x00, 0x00, 0x01, 0x00, 0x60, 0x00, 0x03, 0x00, 0x1c, 0x00, 0x3c, 0x0e,
    0x00, 0x00, 0x00, 0x00, 0x80, 0x30, 0x00, 0x01, 0x80, 0x0e, 0x00, 0x1e, 0x07, 0x00, 0x00, 0x00, 0x00, 0x40, 0x18, 0x00,
    0x01, 0x80, 0x07, 0x00, 0x0f, 0x03, 0x80, 0x00, 0x00, 0x00, 0x20, 0x08, 0x00, 0x00, 0xc0, 0x03, 0x80, 0x07, 0x81, 0xc0,
    0x00, 0x00, 0x00, 0x18, 0x0c, 0x00, 0x00, 0xc0, 0x01, 0xc0, 0x03, 0xc0, 0xe0, 0x00, 0x00, 0x00, 0x06, 0x0c, 0x00, 0x00,
    0x60, 0x00, 0xe0, 0x01, 0xe0, 0x70, 0x00, 0x00, 0x00, 0x01, 0xfc, 0x00, 0x00, 0x74, 0x00, 0x70, 0x00, 0xf0, 0x18, 0x00,
    0x00, 0x00, 0x00, 0x38, 0x01, 0x00, 0x36, 0x00, 0x38, 0x00, 0x78, 0x0c, 0x00, 0x00, 0x00, 0x00, 0x00, 0x01, 0x01, 0x1a,
    0x00, 0x18, 0x00, 0x3c, 0x07, 0x00, 0x00, 0x00, 0x00, 0x00, 0x01, 0x81, 0x99, 0x00, 0x0c, 0x00, 0x1e, 0x03, 0x80, 0x00,
    0x00, 0x00, 0x00, 0x01, 0x80, 0x8c, 0x80, 0x0e, 0x00, 0x0f, 0x01, 0xc0, 0x00, 0x00, 0x00, 0x00, 0x01, 0x80, 0xcc, 0xc0,
    0x07, 0x00, 0x07, 0x80, 0x60, 0x00, 0x00, 0x00, 0x00, 0x01, 0x80, 0x46, 0x40, 0x03, 0x80, 0x03, 0xc0, 0x38, 0x00, 0x00,
    0x00, 0x00, 0x01, 0x00, 0x66, 0x60, 0x01, 0x80, 0x01, 0xe0, 0x1c, 0x00, 0x00, 0x00, 0x00, 0x00, 0x00, 0x63, 0x20, 0x01,
    0xc0, 0x00, 0xf0, 0x06, 0x00, 0x00, 0x00, 0x00, 0x00, 0x00, 0x67, 0x30, 0x00, 0xe0, 0x00, 0x78, 0x03, 0x80, 0x00, 0x00,
    0x00, 0x00, 0x00, 0x67, 0x10, 0x00, 0xe0, 0x00, 0x3c, 0x01, 0xc0, 0x00, 0x00, 0x00, 0x00, 0x00, 0x67, 0x10, 0x00, 0x70,
    0x00, 0x1e, 0x00, 0x70, 0x00, 0x00, 0x00, 0x00, 0x00, 0xfe, 0x18, 0x00, 0x30, 0x00, 0x0f, 0x00, 0x38, 0x00, 0x00, 0x00,
    0x00, 0x01, 0xde, 0x18, 0x00, 0x38, 0x00, 0x07, 0x80, 0x0e, 0x00, 0x00, 0x00, 0x00, 0x03, 0xff, 0x18, 0x00, 0x18, 0x00,
    0x03, 0xc0, 0x07, 0x00, 0x00, 0x00, 0x00, 0x00, 0x7f, 0x18, 0x00, 0x1c, 0x00, 0x01, 0xe0, 0x01, 0xc0, 0x00, 0x00, 0x00,
    0x00, 0x7c, 0x18, 0x00, 0x1c, 0x00, 0x00, 0xf0, 0x00, 0xf0, 0x00, 0x00, 0x00, 0x00, 0xfe, 0x18, 0x00, 0x0e, 0x00, 0x00,
    0x78, 0x00, 0x38, 0x00, 0x00, 0x00, 0x03, 0xfe, 0x30, 0x00, 0x0e, 0x00, 0x00, 0x3c, 0x00, 0x0e, 0x00, 0x00, 0x00, 0x03,
    0xfe, 0x70, 0x00, 0x0e, 0x00, 0x00, 0x1e, 0x00, 0x07, 0x80, 0x00, 0x00, 0x03, 0xfe, 0xe0, 0x00, 0x0f, 0x00, 0x00, 0x0f,
    0x00, 0x01, 0xe0, 0x00, 0x00, 0x03, 0xff, 0xc0, 0x00, 0x07, 0x00, 0x00, 0x07, 0x80, 0x00, 0x78, 0x00, 0x00, 0x01, 0xff,
    0x00, 0x00, 0x07, 0x00, 0x00, 0x03, 0xc0, 0x00, 0x1e, 0x00, 0x00, 0x00, 0xff, 0x00, 0x00, 0x07, 0x00, 0x00, 0x01, 0xe0,
    0x00, 0x07, 0x80, 0x00, 0x00, 0x3e, 0x00, 0x00, 0x07, 0x00, 0x00, 0x00, 0xf0, 0x00, 0x01, 0xe0, 0x00, 0x00, 0x0e, 0x00,
    0x00, 0x0f, 0x00, 0x00, 0x00, 0x78, 0x00, 0x00, 0x78, 0x00, 0x00, 0x00, 0x00, 0x00, 0x0f, 0x00, 0x00, 0x00, 0x3c, 0x00,
    0x00, 0x1e, 0x00, 0x00, 0x00, 0x00, 0x00, 0x0f, 0x00, 0x00, 0x00, 0x1e, 0x00, 0x00, 0x07, 0xc0, 0x00, 0x00, 0x00, 0x00,
    0x1f, 0x00, 0x00, 0x00, 0x0f, 0x00, 0x00, 0x00, 0xf8, 0x00, 0x00, 0x00, 0x00, 0x1e, 0x00, 0x00, 0x00, 0x07, 0x80, 0x00,
    0x00, 0x3f, 0x00, 0x00, 0x00, 0x00, 0x3e, 0x00, 0x00, 0x00, 0x03, 0xc0, 0x00, 0x00, 0x07, 0xe0, 0x00, 0x00, 0x00, 0xfc,
    0x00, 0x00, 0x00, 0x01, 0xe0, 0x00, 0x00, 0x00, 0xfc, 0x00, 0x00, 0x01, 0xfc, 0x00, 0x00, 0x00, 0x00, 0xf0, 0x00, 0x00,
    0x00, 0x1f, 0xe0, 0x00, 0x0f, 0xf0, 0x00, 0x00, 0x00, 0x00, 0x78, 0x00, 0x00, 0x00, 0x03, 0xff, 0xff, 0xff, 0xe0, 0x00,
    0x00, 0x00, 0x00, 0x3c, 0x00, 0x00, 0x00, 0x00, 0x3f, 0xff, 0xff, 0x80, 0x00, 0x00, 0x00, 0x00, 0x1e, 0x00, 0x00, 0x00,
    0x00, 0x00, 0xff, 0xf8, 0x00, 0x00, 0x00, 0x00, 0x00, 0x0f, 0x00, 0x00, 0x00, 0x00, 0x00, 0x00, 0x00, 0x00, 0x00, 0x00,
    0x00, 0x00, 0x07, 0x80, 0x00, 0x00, 0x00, 0x00, 0x00, 0x00, 0x00, 0x00, 0x00, 0x00, 0x00, 0x03, 0xc0, 0x00, 0x00, 0x00,
    0x00, 0x00, 0x00, 0x00, 0x00, 0x00, 0x00, 0x00, 0x01, 0xff, 0xff, 0xff, 0xff, 0xff, 0xff, 0xff, 0xff, 0xff, 0xff, 0xff,
    0xff, 0xff, 0xdf, 0xff, 0xff, 0xff, 0xff, 0xff, 0xff, 0xff, 0xff, 0xff, 0xff, 0xff, 0xff, 0xc7, 0xff, 0xff, 0xff, 0xff,
    0xff, 0xff, 0xff, 0xff, 0xff, 0xff, 0xff, 0xff, 0xc0, 0x00, 0x00, 0x00, 0x00, 0x00, 0x00, 0x00, 0x00, 0x00, 0x00, 0x00,
    0x00, 0x00, 0x00, 0x00, 0x00, 0x00, 0x00, 0x00, 0x00, 0x00, 0x00, 0x00, 0x00, 0x00, 0x00, 0x00, 0x00, 0x00, 0x00, 0x00,
    0x00, 0x00, 0x00, 0x00, 0x00, 0x00, 0x00, 0x00, 0x00, 0x00, 0x00, 0x00, 0x00, 0x00, 0x00, 0x00, 0x00, 0x00, 0x00, 0x00,
    0x00, 0x00, 0x00, 0x00, 0x00, 0x00, 0x00, 0x00, 0x00, 0x00, 0x00, 0x00, 0x00, 0x00, 0x00, 0x00, 0x00, 0x00, 0x00, 0x00,
    0x00, 0x00, 0x00, 0x00, 0x00, 0x00, 0x00, 0x00, 0x00, 0x00, 0x00, 0x00, 0x00, 0x00, 0x00, 0x00, 0x00, 0x00, 0x00, 0x00,
    0x00, 0x00, 0x00, 0x00, 0x00, 0x00, 0x00, 0x00, 0x00, 0x00, 0x00, 0x00, 0x00, 0x18, 0x00, 0x00, 0x00, 0x00, 0x00, 0x00,
    0x00, 0x00, 0x00, 0x00, 0x00, 0x00, 0x0c, 0x00, 0x00, 0x00, 0x00, 0x00, 0x00, 0x00, 0x00, 0x00, 0x00, 0x00, 0x00, 0x0e,
    0x01, 0xff, 0xff, 0xff, 0xff, 0xff, 0xff, 0xff, 0xff, 0xff, 0xff, 0xff, 0xff, 0xf1, 0xff, 0xff, 0xff, 0xff, 0xff, 0xff,
    0xff, 0xff, 0xff, 0xff, 0xff, 0xff, 0xfd, 0xff, 0xff, 0xff, 0xff, 0xff, 0xff, 0xff, 0xff, 0xff, 0xff, 0xff, 0xff, 0xff,
    0xc0, 0x00, 0x00, 0x00, 0x00, 0x00, 0x00, 0x00, 0x00, 0x00, 0x00, 0x07, 0x81, 0xe0, 0x00, 0x00, 0x00, 0x00, 0x00, 0x00,
    0x00, 0x00, 0x00, 0x00, 0x03, 0xc0, 0xf0, 0x00, 0x00, 0x00, 0x00, 0x00, 0x00, 0x00, 0x00, 0x00, 0x00, 0x03, 0xe0, 0x78,
    0x00, 0x00, 0x00, 0x00, 0x00, 0xff, 0xc0, 0x00, 0x00, 0x00, 0x01, 0xe0, 0x3c, 0x00, 0x00, 0x00, 0x00, 0x1f, 0xff, 0xff,
    0x00, 0x00, 0x00, 0x00, 0x70, 0x1e, 0x00, 0x00, 0x00, 0x00, 0x7f, 0xff, 0xff, 0xf0, 0x00, 0x00, 0x07, 0xe0, 0x0f, 0x00,
    0x00, 0x00, 0x01, 0xff, 0x00, 0x01, 0xff, 0x00, 0x00, 0x07, 0xf8, 0x07, 0x80, 0x00, 0x00, 0x03, 0xf8, 0x00, 0x00, 0x0f,
    0xe0, 0x00, 0x07, 0xfe, 0x03, 0xc0, 0x00, 0x00, 0x07, 0xe0, 0x00, 0x00, 0x00, 0xfc, 0x00, 0x03, 0xff, 0x01, 0xe0, 0x00,
    0x00, 0x07, 0xc0, 0x00, 0x00, 0x00, 0x1f, 0x80, 0x03, 0xff, 0x80, 0xf0, 0x00, 0x00, 0x0f, 0x80, 0x00, 0x00, 0x00, 0x03,
    0xe0, 0x01, 0xff, 0xe0, 0x78, 0x00, 0x00, 0x0f, 0x00, 0x00, 0x00, 0x00, 0x00, 0x7c, 0x00, 0xff, 0xf0, 0x3c, 0x00, 0x00,
    0x1f, 0x00, 0x00, 0x00, 0x00, 0x00, 0x1f, 0x00, 0x7f, 0xf0, 0x1e, 0x00, 0x00, 0x1e, 0x00, 0x00, 0x00, 0x00, 0x00, 0x03,
    0xc0, 0x1f, 0xf8, 0x0f, 0x00, 0x00, 0x1e, 0x00, 0x00, 0x00, 0x00, 0x00, 0x00, 0xf0, 0x07, 0xf8, 0x07, 0x80, 0x00, 0x1e,
    0x00, 0x00, 0x00, 0x00, 0x00, 0x00, 0x3c, 0x03, 0xf8, 0x03, 0xc0, 0x00, 0x1e, 0x00, 0x00, 0x00, 0x00, 0x00, 0x00, 0x0f,
    0x01, 0x80, 0x01, 0xe0, 0x00, 0x1e, 0x00, 0x00, 0x00, 0x00, 0x00, 0x00, 0x03, 0xc0, 0xc0, 0x00, 0xf0, 0x00, 0x1e, 0x00,
    0x00, 0x00, 0x00, 0x00, 0x00, 0x00, 0xf0, 0xc0, 0x00, 0x78, 0x00, 0x0e, 0x00, 0x00, 0x00, 0x00, 0x00, 0x00, 0x00, 0x3c,
    0x60, 0x00, 0x3c, 0x00, 0x0e, 0x00, 0x00, 0x00, 0x00, 0x00, 0x00, 0x00, 0x0e, 0x60, 0x00, 0x1e, 0x00, 0x0e, 0x00, 0x00,
    0x00, 0x00, 0x00, 0x00, 0x00, 0x03, 0xb0, 0x00, 0x0f, 0x00, 0x07, 0x00, 0x00, 0x00, 0x00, 0x00, 0x00, 0x00, 0x00, 0xf0,
    0x00, 0x07, 0x80, 0x07, 0x00, 0x00, 0x00, 0x00, 0x00, 0x00, 0x00, 0x00, 0x78, 0x00, 0x03, 0xc0, 0x07, 0x00, 0x00, 0x00,
    0x00, 0x00, 0x00, 0x00, 0x00, 0x1c, 0x00, 0x01, 0xe0, 0x03, 0x80, 0x00, 0x00, 0x00, 0x00, 0x00, 0x00, 0x00, 0x0e, 0x00,
    0x00, 0xf0, 0x03, 0x80, 0x00, 0x00, 0x00, 0x00, 0x00, 0x00, 0x00, 0x0f, 0x80, 0x00, 0x78, 0x01, 0xc0, 0x00, 0x00, 0x00,
    0x00, 0x00, 0x00, 0x00, 0x07, 0xc0, 0x00, 0x3c, 0x01, 0xc0, 0x00, 0x00, 0x00, 0x00, 0x00, 0x00, 0x00, 0x03, 0x70, 0x00,
    0x1e, 0x00, 0xe0, 0x00, 0x00, 0x00, 0x00, 0x00, 0x00, 0x00, 0x03, 0x38, 0x00, 0x0f, 0x00, 0x60, 0x00, 0x00, 0x00, 0x00,
    0x00, 0x00, 0x00, 0x01, 0x8e, 0x00, 0x07, 0x80, 0x70, 0x00, 0x00, 0x00, 0x00, 0x00, 0x00, 0x00, 0x01, 0x87, 0x00, 0x03,
    0xc0, 0x38, 0x00, 0x00, 0x00, 0x00, 0x00, 0x00, 0x00, 0x00, 0xc3, 0x80, 0x01, 0xe0, 0x18, 0x00, 0x00, 0x00, 0x00, 0x00,
    0x00, 0x00, 0x00, 0xc0, 0xe0, 0x00, 0xf0, 0x1c, 0x00, 0x00, 0x00, 0x00, 0x00, 0x00, 0x00, 0x00, 0x60, 0x70, 0x00, 0x78,
    0x0e, 0x00, 0x00, 0x00, 0x00, 0x00, 0x00, 0x00, 0x00, 0x60, 0x38, 0x00, 0x3c, 0x07, 0x00, 0x00, 0x00, 0x00, 0x00, 0x00,
    0x00, 0x00, 0x30, 0x0c, 0x00, 0x1e, 0x03, 0x00, 0x00, 0x00, 0x00, 0x00, 0x00, 0x00, 0x00, 0x30, 0x06, 0x00, 0x0f, 0x01,
    0x80, 0x00, 0x00, 0x00, 0x00, 0x00, 0x00, 0x00, 0x18, 0x03, 0x80, 0x07, 0x81, 0xc0, 0x00, 0x00, 0x00, 0x07, 0xf0, 0x00,
    0x00, 0x1c, 0x01, 0xc0, 0x03, 0xc0, 0xe0, 0x00, 0x00, 0x00, 0x06, 0x0c, 0x00, 0x00, 0x0c, 0x00, 0xe0, 0x01, 0xe0, 0x70,
    0x00, 0x00, 0x00, 0x06, 0x03, 0x00, 0x00, 0x0e, 0x00, 0x70, 0x00, 0xf0, 0x38, 0x00, 0x00, 0x00, 0x02, 0x00, 0x80, 0x00,
    0x06, 0x00, 0x38, 0x00, 0x78, 0x1c, 0x00, 0x00, 0x00, 0x01, 0x00, 0x60, 0x00, 0x03, 0x00, 0x1c, 0x00, 0x3c, 0x0e, 0x00,
    0x00, 0x00, 0x00, 0x80, 0x30, 0x00, 0x03, 0x00, 0x0e, 0x00, 0x1e, 0x07, 0x00, 0x00, 0x00, 0x00, 0x40, 0x18, 0x00, 0x01,
    0x80, 0x07, 0x00, 0x0f, 0x03, 0x80, 0x00, 0x00, 0x00, 0x20, 0x08, 0x00, 0x01, 0x80, 0x03, 0x80, 0x07, 0x81, 0xc0, 0x00,
    0x00, 0x00, 0x18, 0x0c, 0x00, 0x00, 0xc0, 0x01, 0xc0, 0x03, 0xc0, 0xe0, 0x00, 0x00, 0x00, 0x06, 0x0c, 0x00, 0x00, 0xc0,
    0x00, 0xe0, 0x01, 0xe0, 0x70, 0x00, 0x00, 0x00, 0x01, 0xfc, 0x00, 0x00, 0x60, 0x00, 0x70, 0x00, 0xf0, 0x18, 0x00, 0x00,
    0x00, 0x00, 0x38, 0x00, 0x00, 0x60, 0x00, 0x38, 0x00, 0x78, 0x0c, 0x00, 0x00, 0x00, 0x00, 0x00, 0x00, 0x00, 0x30, 0x00,
    0x18, 0x00, 0x3c, 0x07, 0x00, 0x00, 0x00, 0x00, 0x00, 0x00, 0x00, 0x38, 0x00, 0x0c, 0x00, 0x1e, 0x03, 0x80, 0x00, 0x00,
    0x00, 0x00, 0x01, 0x00, 0x18, 0x00, 0x0e, 0x00, 0x0f, 0x01, 0xc0, 0x00, 0x00, 0x00, 0x00, 0x01, 0x80, 0x1c, 0x00, 0x07,
    0x00, 0x07, 0x80, 0x60, 0x00, 0x00, 0x00, 0x00, 0x01, 0x80, 0x0c, 0x00, 0x03, 0x80, 0x03, 0xc0, 0x38, 0x00, 0x00, 0x00,
    0x00, 0x07, 0x00, 0x4e, 0x00, 0x01, 0x80, 0x01, 0xe0, 0x1c, 0x00, 0x00, 0x00, 0x00, 0x0e, 0x00, 0x6e, 0x20, 0x01, 0xc0,
    0x00, 0xf0, 0x06, 0x00, 0x00, 0x00, 0x00, 0x00, 0x00, 0x6e, 0x30, 0x00, 0xe0, 0x00, 0x78, 0x03, 0x80, 0x00, 0x00, 0x00,
    0x00, 0x00, 0x7e, 0x10, 0x00, 0xe0, 0x00, 0x3c, 0x01, 0xc0, 0x00, 0x00, 0x00, 0x00, 0x00, 0x7e, 0x10, 0x00, 0x70, 0x00,
    0x1e, 0x00, 0x70, 0x00, 0x00, 0x00, 0x00, 0x00, 0xfc, 0x18, 0x00, 0x30, 0x00, 0x0f, 0x00, 0x38, 0x00, 0x00, 0x00, 0x00,
    0x01, 0xfc, 0x18, 0x00, 0x38, 0x00, 0x07, 0x80, 0x0e, 0x00, 0x00, 0x00, 0x00, 0x07, 0xfe, 0x18, 0x00, 0x18, 0x00, 0x03,
    0xc0, 0x07, 0x00, 0x00, 0x00, 0x00, 0x7f, 0xf8, 0x18, 0x00, 0x1c, 0x00, 0x01, 0xe0, 0x01, 0xc0, 0x00, 0x00, 0x00, 0x01,
    0xfc, 0x18, 0x00, 0x1c, 0x00, 0x00, 0xf0, 0x00, 0xf0, 0x00, 0x00, 0x00, 0x07, 0xfc, 0x18, 0x00, 0x0e, 0x00, 0x00, 0x78,
    0x00, 0x38, 0x00, 0x00, 0x00, 0x07, 0xfc, 0x30, 0x00, 0x0e, 0x00, 0x00, 0x3c, 0x00, 0x0e, 0x00, 0x00, 0x00, 0x0f, 0xf8,
    0x70, 0x00, 0x0e, 0x00, 0x00, 0x1e, 0x00, 0x07, 0x80, 0x00, 0x00, 0x0f, 0xf8, 0xe0, 0x00, 0x0f, 0x00, 0x00, 0x0f, 0x00,
    0x01, 0xe0, 0x00, 0x00, 0x07, 0xff, 0xc0, 0x00, 0x07, 0x00, 0x00, 0x07, 0x80, 0x00, 0x78, 0x00, 0x00, 0x07, 0xfe, 0x00,
    0x00, 0x07, 0x00, 0x00, 0x03, 0xc0, 0x00, 0x1e, 0x00, 0x00, 0x01, 0xfc, 0x00, 0x00, 0x07, 0x00, 0x00, 0x01, 0xe0, 0x00,
    0x07, 0x80, 0x00, 0x00, 0x7c, 0x00, 0x00, 0x07, 0x00, 0x00, 0x00, 0xf0, 0x00, 0x01, 0xe0, 0x00, 0x00, 0x08, 0x00, 0x00,
    0x0f, 0x00, 0x00, 0x00, 0x78, 0x00, 0x00, 0x78, 0x00, 0x00, 0x00, 0x00, 0x00, 0x0f, 0x00, 0x00, 0x00, 0x3c, 0x00, 0x00,
    0x1e, 0x00, 0x00, 0x00, 0x00, 0x00, 0x0f, 0x00, 0x00, 0x00, 0x1e, 0x00, 0x00, 0x07, 0xc0, 0x00, 0x00, 0x00, 0x00, 0x1f,
    0x00, 0x00, 0x00, 0x0f, 0x00, 0x00, 0x00, 0xf8, 0x00, 0x00, 0x00, 0x00, 0x1e, 0x00, 0x00, 0x00, 0x07, 0x80, 0x00, 0x00,
    0x3f, 0x00, 0x00, 0x00, 0x00, 0x3e, 0x00, 0x00, 0x00, 0x03, 0xc0, 0x00, 0x00, 0x07, 0xe0, 0x00, 0x00, 0x00, 0xfc, 0x00,
    0x00, 0x00, 0x01, 0xe0, 0x00, 0x00, 0x00, 0xfc, 0x00, 0x00, 0x01, 0xfc, 0x00, 0x00, 0x00, 0x00, 0xf0, 0x00, 0x00, 0x00,
    0x1f, 0xe0, 0x00, 0x0f, 0xf0, 0x00, 0x00, 0x00, 0x00, 0x78, 0x00, 0x00, 0x00, 0x03, 0xff, 0xff, 0xff, 0xe0, 0x00, 0x00,
    0x00, 0x00, 0x3c, 0x00, 0x00, 0x00, 0x00, 0x3f, 0xff, 0xff, 0x80, 0x00, 0x00, 0x00, 0x00, 0x1e, 0x00, 0x00, 0x00, 0x00,
    0x00, 0xff, 0xf8, 0x00, 0x00, 0x00, 0x00, 0x00, 0x0f, 0x00, 0x00, 0x00, 0x00, 0x00, 0x00, 0x00, 0x00, 0x00, 0x00, 0x00,
    0x00, 0x07, 0x80, 0x00, 0x00, 0x00, 0x00, 0x00, 0x00, 0x00, 0x00, 0x00, 0x00, 0x00, 0x03, 0xc0, 0x00, 0x00, 0x00, 0x00,
    0x00, 0x00, 0x00, 0x00, 0x00, 0x00, 0x00, 0x01, 0xff, 0xff, 0xff, 0xff, 0xff, 0xff, 0xff, 0xff, 0xff, 0xff, 0xff, 0xff,
    0xff, 0xdf, 0xff, 0xff, 0xff, 0xff, 0xff, 0xff, 0xff, 0xff, 0xff, 0xff, 0xff, 0xff, 0xc7, 0xff, 0xff, 0xff, 0xff, 0xff,
    0xff, 0xff, 0xff, 0xff, 0xff, 0xff, 0xff, 0xc0, 0x00, 0x00, 0x00, 0x00, 0x00, 0x00, 0x00, 0x00, 0x00, 0x00, 0x00, 0x00,
    0x00, 0x00, 0x00, 0x00, 0x00, 0x00, 0x00, 0x00, 0x00, 0x00, 0x00, 0x00, 0x00, 0x00, 0x00, 0x00, 0x00, 0x00, 0x00, 0x00,
    0x00, 0x00, 0x00, 0x00, 0x00, 0x00, 0x00, 0x00, 0x00, 0x00, 0x00, 0x00, 0x00, 0x00, 0x00, 0x00, 0x00, 0x00, 0x00, 0x00,
    0x00, 0x00, 0x00, 0x00, 0x00, 0x00, 0x00, 0x00, 0x00, 0x00, 0x00, 0x00, 0x00, 0x00, 0x00, 0x00, 0x00, 0x00, 0x00, 0x00,
    0x00, 0x00, 0x00, 0x00, 0x00, 0x00, 0x00, 0x00, 0x00, 0x00, 0x00, 0x00, 0x00, 0x00, 0x00, 0x00, 0x00, 0x00, 0x00, 0x00,
    0x00, 0x00, 0x00, 0x00, 0x00, 0x00, 0x00, 0x00, 0x00, 0x00, 0x00, 0x00, 0x08, 0x00, 0x00, 0x00, 0x00, 0x00, 0x00, 0x00,
    0x00, 0x00, 0x00, 0x00, 0x00, 0x0c, 0x00, 0x00, 0x00, 0x00, 0x00, 0x00, 0x00, 0x00, 0x00, 0x00, 0x00, 0x00, 0x06, 0x01,
    0xff, 0xff, 0xff, 0xff, 0xff, 0xff, 0xff, 0xff, 0xff, 0xff, 0xff, 0xff, 0xf1, 0xff, 0xff, 0xff, 0xff, 0xff, 0xff, 0xff,
    0xff, 0xff, 0xff, 0xff, 0xff, 0xfd, 0xff, 0xff, 0xff, 0xff, 0xff, 0xff, 0xff, 0xff, 0xff, 0xff, 0xff, 0xff, 0xff, 0xc0,
    0x00, 0x00, 0x00, 0x00, 0x00, 0x00, 0x00, 0x00, 0x00, 0x00, 0x07, 0x81, 0xe0, 0x00, 0x00, 0x00, 0x00, 0x00, 0x00, 0x00,
    0x00, 0x00, 0x00, 0x03, 0xc0, 0xf0, 0x00, 0x00, 0x00, 0x00, 0x00, 0x00, 0x00, 0x00, 0x00, 0x00, 0x03, 0xe0, 0x78, 0x00,
    0x00, 0x00, 0x00, 0x00, 0xff, 0xc0, 0x00, 0x00, 0x00, 0x01, 0xe0, 0x3c, 0x00, 0x00, 0x00, 0x00, 0x1f, 0xff, 0xff, 0x00,
    0x00, 0x00, 0x00, 0x70, 0x1e, 0x00, 0x00, 0x00, 0x00, 0x7f, 0xff, 0xff, 0xf0, 0x00, 0x00, 0x07, 0xf0, 0x0f, 0x00, 0x00,
    0x00, 0x01, 0xff, 0x00, 0x01, 0xff, 0x00, 0x00, 0x07, 0xf8, 0x07, 0x80, 0x00, 0x00, 0x03, 0xf8, 0x00, 0x00, 0x0f, 0xe0,
    0x00, 0x07, 0xfe, 0x03, 0xc0, 0x00, 0x00, 0x07, 0xe0, 0x00, 0x00, 0x00, 0xfc, 0x00, 0x03, 0xff, 0x01, 0xe0, 0x00, 0x00,
    0x07, 0xc0, 0x00, 0x00, 0x00, 0x1f, 0x80, 0x03, 0xff, 0x80, 0xf0, 0x00, 0x00, 0x0f, 0x80, 0x00, 0x00, 0x00, 0x03, 0xe0,
    0x01, 0xff, 0xe0, 0x78, 0x00, 0x00, 0x0f, 0x00, 0x00, 0x00, 0x00, 0x00, 0x7c, 0x00, 0xff, 0xf0, 0x3c, 0x00, 0x00, 0x1f,
    0x00, 0x00, 0x00, 0x00, 0x00, 0x1f, 0x00, 0x7f, 0xf0, 0x1e, 0x00, 0x00, 0x1e, 0x00, 0x00, 0x00, 0x00, 0x00, 0x03, 0xc0,
    0x1f, 0xf8, 0x0f, 0x00, 0x00, 0x1e, 0x00, 0x00, 0x00, 0x00, 0x00, 0x00, 0xf0, 0x07, 0xf8, 0x07, 0x80, 0x00, 0x1e, 0x00,
    0x00, 0x00, 0x00, 0x00, 0x00, 0x3c, 0x03, 0xf8, 0x03, 0xc0, 0x00, 0x1e, 0x00, 0x00, 0x00, 0x00, 0x00, 0x00, 0x0f, 0x01,
    0x80, 0x01, 0xe0, 0x00, 0x1e, 0x00, 0x00, 0x00, 0x00, 0x00, 0x00, 0x03, 0xc1, 0xc0, 0x00, 0xf0, 0x00, 0x1e, 0x00, 0x00,
    0x00, 0x00, 0x00, 0x00, 0x00, 0xf0, 0xc0, 0x00, 0x78, 0x00, 0x0e, 0x00, 0x00, 0x00, 0x00, 0x00, 0x00, 0x00, 0x3c, 0x60,
    0x00, 0x3c, 0x00, 0x0e, 0x00, 0x00, 0x00, 0x00, 0x00, 0x00, 0x00, 0x0e, 0x60, 0x00, 0x1e, 0x00, 0x0e, 0x00, 0x00, 0x00,
    0x00, 0x00, 0x00, 0x00, 0x03, 0xf0, 0x00, 0x0f, 0x00, 0x07, 0x00, 0x00, 0x00, 0x00, 0x00, 0x00, 0x00, 0x00, 0xf0, 0x00,
    0x07, 0x80, 0x07, 0x00, 0x00, 0x00, 0x00, 0x00, 0x00, 0x00, 0x00, 0x78, 0x00, 0x03, 0xc0, 0x07, 0x00, 0x00, 0x00, 0x00,
    0x00, 0x00, 0x00, 0x00, 0x1c, 0x00, 0x01, 0xe0, 0x03, 0x80, 0x00, 0x00, 0x00, 0x00, 0x00, 0x00, 0x00, 0x0e, 0x00, 0x00,
    0xf0, 0x03, 0x80, 0x00, 0x00, 0x00, 0x00, 0x00, 0x00, 0x00, 0x0f, 0x80, 0x00, 0x78, 0x01, 0xc0, 0x00, 0x00, 0x00, 0x00,
    0x00, 0x00, 0x00, 0x07, 0xc0, 0x00, 0x3c, 0x01, 0xc0, 0x00, 0x00, 0x00, 0x00, 0x00, 0x00, 0x00, 0x06, 0x70, 0x00, 0x1e,
    0x00, 0xe0, 0x00, 0x00, 0x00, 0x00, 0x00, 0x00, 0x00, 0x03, 0x38, 0x00, 0x0f, 0x00, 0x60, 0x00, 0x00, 0x00, 0x00, 0x00,
    0x00, 0x00, 0x03, 0x0e, 0x00, 0x07, 0x80, 0x70, 0x00, 0x00, 0x00, 0x00, 0x00, 0x00, 0x00, 0x01, 0x87, 0x00, 0x03, 0xc0,
    0x38, 0x00, 0x00, 0x00, 0x00, 0x00, 0x00, 0x00, 0x01, 0x83, 0x80, 0x01, 0xe0, 0x18, 0x00, 0x00, 0x00, 0x00, 0x00, 0x00,
    0x00, 0x00, 0xc0, 0xe0, 0x00, 0xf0, 0x1c, 0x00, 0x00, 0x00, 0x00, 0x00, 0x00, 0x00, 0x00, 0xc0, 0x70, 0x00, 0x78, 0x0e,
    0x00, 0x00, 0x00, 0x00, 0x00, 0x00, 0x00, 0x00, 0x60, 0x38, 0x00, 0x3c, 0x07, 0x00, 0x00, 0x00, 0x00, 0x00, 0x00, 0x00,
    0x00, 0x60, 0x0c, 0x00, 0x1e, 0x03, 0x00, 0x00, 0x00, 0x00, 0x00, 0x00, 0x00, 0x00, 0x30, 0x06, 0x00, 0x0f, 0x01, 0x80,
    0x00, 0x00, 0x00, 0x00, 0x00, 0x00, 0x00, 0x38, 0x03, 0x80, 0x07, 0x81, 0xc0, 0x00, 0x00, 0x00, 0x07, 0xf0, 0x00, 0x00,
    0x18, 0x01, 0xc0, 0x03, 0xc0, 0xe0, 0x00, 0x00, 0x00, 0x06, 0x0c, 0x00, 0x00, 0x1c, 0x00, 0xe0, 0x01, 0xe0, 0x70, 0x00,
    0x00, 0x00, 0x06, 0x03, 0x00, 0x00, 0x0c, 0x00, 0x70, 0x00, 0xf0, 0x38, 0x00, 0x00, 0x00, 0x02, 0x00, 0x80, 0x00, 0x0e,
    0x00, 0x38, 0x00, 0x78, 0x1c, 0x00, 0x00, 0x00, 0x01, 0x00, 0x60, 0x00, 0x06, 0x00, 0x1c, 0x00, 0x3c, 0x0e, 0x00, 0x00,
    0x00, 0x00, 0x80, 0x30, 0x00, 0x07, 0x00, 0x0e, 0x00, 0x1e, 0x07, 0x00, 0x00, 0x00, 0x00, 0x40, 0x18, 0x00, 0x03, 0x00,
    0x07, 0x00, 0x0f, 0x03, 0x80, 0x00, 0x00, 0x00, 0x20, 0x08, 0x00, 0x03, 0x80, 0x03, 0x80, 0x07, 0x81, 0xc0, 0x00, 0x00,
    0x00, 0x18, 0x0c, 0x00, 0x01, 0x80, 0x01, 0xc0, 0x03, 0xc0, 0xe0, 0x00, 0x00, 0x00, 0x06, 0x0c, 0x00, 0x00, 0xc0, 0x00,
    0xe0, 0x01, 0xe0, 0x70, 0x00, 0x00, 0x00, 0x01, 0xfc, 0x00, 0x00, 0xc0, 0x00, 0x70, 0x00, 0xf0, 0x18, 0x00, 0x00, 0x00,
    0x00, 0x38, 0x00, 0x00, 0x60, 0x00, 0x38, 0x00, 0x78, 0x0c, 0x00, 0x00, 0x00, 0x00, 0x00, 0x00, 0x00, 0x60, 0x00, 0x18,
    0x00, 0x3c, 0x07, 0x00, 0x00, 0x00, 0x00, 0x00, 0x00, 0x00, 0x30, 0x00, 0x0c, 0x00, 0x1e, 0x03, 0x80, 0x00, 0x00, 0x00,
    0x00, 0x00, 0x00, 0x30, 0x00, 0x0e, 0x00, 0x0f, 0x01, 0xc0, 0x00, 0x00, 0x00, 0x00, 0x00, 0x00, 0x18, 0x00, 0x07, 0x00,
    0x07, 0x80, 0x60, 0x00, 0x00, 0x00, 0x00, 0x00, 0x00, 0x18, 0x00, 0x03, 0x80, 0x03, 0xc0, 0x38, 0x00, 0x00, 0x00, 0x00,
    0x07, 0x00, 0x0c, 0x00, 0x01, 0x80, 0x01, 0xe0, 0x1c, 0x00, 0x00, 0x00, 0x00, 0xfe, 0x00, 0x1c, 0x00, 0x01, 0xc0, 0x00,
    0xf0, 0x06, 0x00, 0x00, 0x00, 0x00, 0x00, 0x00, 0x1c, 0x00, 0x00, 0xe0, 0x00, 0x78, 0x03, 0x80, 0x00, 0x00, 0x00, 0x00,
    0x00, 0x3c, 0x00, 0x00, 0xe0, 0x00, 0x3c, 0x01, 0xc0, 0x00, 0x00, 0x00, 0x00, 0x00, 0xf8, 0x00, 0x00, 0x70, 0x00, 0x1e,
    0x00, 0x70, 0x00, 0x00, 0x00, 0x00, 0x00, 0xf8, 0x00, 0x00, 0x30, 0x00, 0x0f, 0x00, 0x38, 0x00, 0x00, 0x00, 0x00, 0x01,
    0xfc, 0x00, 0x00, 0x38, 0x00, 0x07, 0x80, 0x0e, 0x00, 0x00, 0x00, 0x30, 0x07, 0xfc, 0x00, 0x00, 0x18, 0x00, 0x03, 0xc0,
    0x07, 0x00, 0x00, 0x00, 0x0f, 0xff, 0xf0, 0x18, 0x00, 0x1c, 0x00, 0x01, 0xe0, 0x01, 0xc0, 0x00, 0x00, 0x00, 0x1f, 0xf8,
    0x18, 0x00, 0x1c, 0x00, 0x00, 0xf0, 0x00, 0xf0, 0x00, 0x00, 0x00, 0x1f, 0xf8, 0x18, 0x00, 0x0e, 0x00, 0x00, 0x78, 0x00,
    0x38, 0x00, 0x00, 0x00, 0x1f, 0xf0, 0x30, 0x00, 0x0e, 0x00, 0x00, 0x3c, 0x00, 0x0e, 0x00, 0x00, 0x00, 0x1f, 0xf0, 0x70,
    0x00, 0x0e, 0x00, 0x00, 0x1e, 0x00, 0x07, 0x80, 0x00, 0x18, 0x1f, 0xf0, 0xe0, 0x00, 0x0f, 0x00, 0x00, 0x0f, 0x00, 0x01,
    0xe0, 0x00, 0x03, 0xcf, 0xff, 0xc0, 0x00, 0x07, 0x00, 0x00, 0x07, 0x80, 0x00, 0x78, 0x00, 0x00, 0x3f, 0xfe, 0x00, 0x00,
    0x07, 0x00, 0x00, 0x03, 0xc0, 0x00, 0x1e, 0x00, 0x00, 0x01, 0xf0, 0x00, 0x00, 0x07, 0x00, 0x00, 0x01, 0xe0, 0x00, 0x07,
    0x80, 0x00, 0x00, 0x70, 0x00, 0x00, 0x07, 0x00, 0x00, 0x00, 0xf0, 0x00, 0x01, 0xe0, 0x00, 0x00, 0x00, 0x00, 0x00, 0x0f,
    0x00, 0x00, 0x00, 0x78, 0x00, 0x00, 0x78, 0x00, 0x00, 0x00, 0x00, 0x00, 0x0f, 0x00, 0x00, 0x00, 0x3c, 0x00, 0x00, 0x1e,
    0x00, 0x00, 0x00, 0x00, 0x00, 0x0f, 0x00, 0x00, 0x00, 0x1e, 0x00, 0x00, 0x07, 0xc0, 0x00, 0x00, 0x00, 0x00, 0x1f, 0x00,
    0x00, 0x00, 0x0f, 0x00, 0x00, 0x00, 0xf8, 0x00, 0x00, 0x00, 0x00, 0x1e, 0x00, 0x00, 0x00, 0x07, 0x80, 0x00, 0x00, 0x3f,
    0x00, 0x00, 0x00, 0x00, 0x3e, 0x00, 0x00, 0x00, 0x03, 0xc0, 0x00, 0x00, 0x07, 0xe0, 0x00, 0x00, 0x00, 0xfc, 0x00, 0x00,
    0x00, 0x01, 0xe0, 0x00, 0x00, 0x00, 0xfc, 0x00, 0x00, 0x01, 0xfc, 0x00, 0x00, 0x00, 0x00, 0xf0, 0x00, 0x00, 0x00, 0x1f,
    0xe0, 0x00, 0x0f, 0xf0, 0x00, 0x00, 0x00, 0x00, 0x78, 0x00, 0x00, 0x00, 0x03, 0xff, 0xff, 0xff, 0xe0, 0x00, 0x00, 0x00,
    0x00, 0x3c, 0x00, 0x00, 0x00, 0x00, 0x3f, 0xff, 0xff, 0x80, 0x00, 0x00, 0x00, 0x00, 0x1e, 0x00, 0x00, 0x00, 0x00, 0x00,
    0xff, 0xf8, 0x00, 0x00, 0x00, 0x00, 0x00, 0x0f, 0x00, 0x00, 0x00, 0x00, 0x00, 0x00, 0x00, 0x00, 0x00, 0x00, 0x00, 0x00,
    0x07, 0x80, 0x00, 0x00, 0x00, 0x00, 0x00, 0x00, 0x00, 0x00, 0x00, 0x00, 0x00, 0x03, 0xc0, 0x00, 0x00, 0x00, 0x00, 0x00,
    0x00, 0x00, 0x00, 0x00, 0x00, 0x00, 0x01, 0xff, 0xff, 0xff, 0xff, 0xff, 0xff, 0xff, 0xff, 0xff, 0xff, 0xff, 0xff, 0xff,
    0xdf, 0xff, 0xff, 0xff, 0xff, 0xff, 0xff, 0xff, 0xff, 0xff, 0xff, 0xff, 0xff, 0xc7, 0xff, 0xff, 0xff, 0xff, 0xff, 0xff,
    0xff, 0xff, 0xff, 0xff, 0xff, 0xff, 0xc0, 0x00, 0x00, 0x00, 0x00, 0x00, 0x00, 0x00, 0x00, 0x00, 0x00, 0x00, 0x00, 0x00,
    0x00, 0x00, 0x00, 0x00, 0x00, 0x00, 0x00, 0x00, 0x00, 0x00, 0x00, 0x00, 0x00, 0x00, 0x00, 0x00, 0x00, 0x00, 0x00, 0x00,
    0x00, 0x00, 0x00, 0x00, 0x00, 0x00, 0x00, 0x00, 0x00, 0x00, 0x00, 0x00, 0x00, 0x00, 0x00, 0x00, 0x00, 0x00, 0x00, 0x00,
    0x00, 0x00, 0x00, 0x00, 0x00, 0x00, 0x00, 0x00, 0x00, 0x00, 0x00, 0x00, 0x00, 0x00, 0x00, 0x00, 0x00, 0x00, 0x00, 0x00,
    0x00, 0x00, 0x00, 0x00, 0x00, 0x00, 0x00, 0x00, 0x00, 0x00, 0x00, 0x00, 0x00, 0x00, 0x00, 0x00, 0x00, 0x00, 0x00, 0x00,
    0x00, 0x00, 0x00, 0x00, 0x00, 0x00, 0x00, 0x00, 0x00, 0x00, 0x00, 0x08, 0x00, 0x00, 0x00, 0x00, 0x00, 0x00, 0x00, 0x00,
    0x00, 0x00, 0x00, 0x00, 0x0c, 0x00, 0x00, 0x00, 0x00, 0x00, 0x00, 0x00, 0x00, 0x00, 0x00, 0x00, 0x00, 0x06, 0x01, 0xff,
    0xff, 0xff, 0xff, 0xff, 0xff, 0xff, 0xff, 0xff, 0xff, 0xff, 0xff, 0xf1, 0xff, 0xff, 0xff, 0xff, 0xff, 0xff, 0xff, 0xff,
    0xff, 0xff, 0xff, 0xff, 0xfd, 0xff, 0xff, 0xff, 0xff, 0xff, 0xff, 0xff, 0xff, 0xff, 0xff, 0xff, 0xff, 0xff, 0xc0, 0x00,
    0x00, 0x00, 0x00, 0x00, 0x00, 0x00, 0x00, 0x00, 0x00, 0x03, 0x81, 0xe0, 0x00, 0x00, 0x00, 0x00, 0x00, 0x00, 0x00, 0x00,
    0x00, 0x00, 0x03, 0xc0, 0xf0, 0x00, 0x00, 0x00, 0x00, 0x00, 0x00, 0x00, 0x00, 0x00, 0x00, 0x01, 0xe0, 0x78, 0x00, 0x00,
    0x00, 0x00, 0x00, 0xff, 0xc0, 0x00, 0x00, 0x00, 0x00, 0xf0, 0x3c, 0x00, 0x00, 0x00, 0x00, 0x1f, 0xff, 0xff, 0x00, 0x00,
    0x00, 0x00, 0x70, 0x1e, 0x00, 0x00, 0x00, 0x00, 0x7f, 0xff, 0xff, 0xf0, 0x00, 0x00, 0x07, 0xf0, 0x0f, 0x00, 0x00, 0x00,
    0x01, 0xff, 0x00, 0x01, 0xff, 0x00, 0x00, 0x07, 0xf8, 0x07, 0x80, 0x00, 0x00, 0x03, 0xf8, 0x00, 0x00, 0x0f, 0xe0, 0x00,
    0x07, 0xfe, 0x03, 0xc0, 0x00, 0x00, 0x07, 0xe0, 0x00, 0x00, 0x00, 0xfc, 0x00, 0x03, 0xff, 0x01, 0xe0, 0x00, 0x00, 0x07,
    0xc0, 0x00, 0x00, 0x00, 0x1f, 0x80, 0x03, 0xff, 0x80, 0xf0, 0x00, 0x00, 0x0f, 0x80, 0x00, 0x00, 0x00, 0x03, 0xe0, 0x01,
    0xff, 0xe0, 0x78, 0x00, 0x00, 0x0f, 0x00, 0x00, 0x00, 0x00, 0x00, 0x7c, 0x00, 0xff, 0xf0, 0x3c, 0x00, 0x00, 0x1f, 0x00,
    0x00, 0x00, 0x00, 0x00, 0x1f, 0x00, 0x7f, 0xf0, 0x1e, 0x00, 0x00, 0x1e, 0x00, 0x00, 0x00, 0x00, 0x00, 0x03, 0xc0, 0x1f,
    0xf8, 0x0f, 0x00, 0x00, 0x1e, 0x00, 0x00, 0x00, 0x00, 0x00, 0x00, 0xf0, 0x07, 0xf8, 0x07, 0x80, 0x00, 0x1e, 0x00, 0x00,
    0x00, 0x00, 0x00, 0x00, 0x3c, 0x03, 0xf8, 0x03, 0xc0, 0x00, 0x1e, 0x00, 0x00, 0x00, 0x00, 0x00, 0x00, 0x0f, 0x01, 0x80,
    0x01, 0xe0, 0x00, 0x1e, 0x00, 0x00, 0x00, 0x00, 0x00, 0x00, 0x03, 0xc1, 0xc0, 0x00, 0xf0, 0x00, 0x1e, 0x00, 0x00, 0x00,
    0x00, 0x00, 0x00, 0x00, 0xf0, 0xc0, 0x00, 0x78, 0x00, 0x0e, 0x00, 0x00, 0x00, 0x00, 0x00, 0x00, 0x00, 0x3c, 0xe0, 0x00,
    0x3c, 0x00, 0x0e, 0x00, 0x00, 0x00, 0x00, 0x00, 0x00, 0x00, 0x0e, 0x60, 0x00, 0x1e, 0x00, 0x0e, 0x00, 0x00, 0x00, 0x00,
    0x00, 0x00, 0x00, 0x03, 0xf0, 0x00, 0x0f, 0x00, 0x07, 0x00, 0x00, 0x00, 0x00, 0x00, 0x00, 0x00, 0x00, 0xf0, 0x00, 0x07,
    0x80, 0x07, 0x00, 0x00, 0x00, 0x00, 0x00, 0x00, 0x00, 0x00, 0x78, 0x00, 0x03, 0xc0, 0x07, 0x00, 0x00, 0x00, 0x00, 0x00,
    0x00, 0x00, 0x00, 0x1c, 0x00, 0x01, 0xe0, 0x03, 0x80, 0x00, 0x00, 0x00, 0x00, 0x00, 0x00, 0x00, 0x1e, 0x00, 0x00, 0xf0,
    0x03, 0x80, 0x00, 0x00, 0x00, 0x00, 0x00, 0x00, 0x00, 0x0f, 0x80, 0x00, 0x78, 0x01, 0xc0, 0x00, 0x00, 0x00, 0x00, 0x00,
    0x00, 0x00, 0x0f, 0xc0, 0x00, 0x3c, 0x01, 0xc0, 0x00, 0x00, 0x00, 0x00, 0x00, 0x00, 0x00, 0x06, 0x70, 0x00, 0x1e, 0x00,
    0xe0, 0x00, 0x00, 0x00, 0x00, 0x00, 0x00, 0x00, 0x07, 0x38, 0x00, 0x0f, 0x00, 0x60, 0x00, 0x00, 0x00, 0x00, 0x00, 0x00,
    0x00, 0x03, 0x0e, 0x00, 0x07, 0x80, 0x70, 0x00, 0x00, 0x00, 0x00, 0x00, 0x00, 0x00, 0x03, 0x87, 0x00, 0x03, 0xc0, 0x38,
    0x00, 0x00, 0x00, 0x00, 0x00, 0x00, 0x00, 0x01, 0x83, 0x80, 0x01, 0xe0, 0x18, 0x00, 0x00, 0x00, 0x00, 0x00, 0x00, 0x00,
    0x01, 0xc0, 0xe0, 0x00, 0xf0, 0x1c, 0x00, 0x00, 0x00, 0x00, 0x00, 0x00, 0x00, 0x00, 0xc0, 0x70, 0x00, 0x78, 0x0e, 0x00,
    0x00, 0x00, 0x00, 0x00, 0x00, 0x00, 0x00, 0xe0, 0x38, 0x00, 0x3c, 0x07, 0x00, 0x00, 0x00, 0x00, 0x00, 0x00, 0x00, 0x00,
    0x60, 0x0c, 0x00, 0x1e, 0x03, 0x00, 0x00, 0x00, 0x00, 0x00, 0x00, 0x00, 0x00, 0x70, 0x06, 0x00, 0x0f, 0x01, 0x80, 0x00,
    0x00, 0x00, 0x00, 0x00, 0x00, 0x00, 0x30, 0x03, 0x80, 0x07, 0x81, 0xc0, 0x00, 0x00, 0x00, 0x07, 0xf0, 0x00, 0x00, 0x38,
    0x01, 0xc0, 0x03, 0xc0, 0xe0, 0x00, 0x00, 0x00, 0x06, 0x0c, 0x00, 0x00, 0x18, 0x00, 0xe0, 0x01, 0xe0, 0x70, 0x00, 0x00,
    0x00, 0x06, 0x03, 0x00, 0x00, 0x1c, 0x00, 0x70, 0x00, 0xf0, 0x38, 0x00, 0x00, 0x00, 0x02, 0x00, 0x80, 0x00, 0x0c, 0x00,
    0x38, 0x00, 0x78, 0x1c, 0x00, 0x00, 0x00, 0x01, 0x00, 0x60, 0x00, 0x0e, 0x00, 0x1c, 0x00, 0x3c, 0x0e, 0x00, 0x00, 0x00,
    0x00, 0x80, 0x30, 0x00, 0x06, 0x00, 0x0e, 0x00, 0x1e, 0x07, 0x00, 0x00, 0x00, 0x00, 0x40, 0x18, 0x00, 0x07, 0x00, 0x07,
    0x00, 0x0f, 0x03, 0x80, 0x00, 0x00, 0x00, 0x20, 0x08, 0x00, 0x03, 0x00, 0x03, 0x80, 0x07, 0x81, 0xc0, 0x00, 0x00, 0x00,
    0x18, 0x0c, 0x00, 0x03, 0x80, 0x01, 0xc0, 0x03, 0xc0, 0xe0, 0x00, 0x00, 0x00, 0x06, 0x0c, 0x00, 0x01, 0x80, 0x00, 0xe0,
    0x01, 0xe0, 0x70, 0x00, 0x00, 0x00, 0x01, 0xfc, 0x00, 0x01, 0xc0, 0x00, 0x70, 0x00, 0xf0, 0x18, 0x00, 0x00, 0x00, 0x00,
    0x38, 0x00, 0x00, 0xc0, 0x00, 0x38, 0x00, 0x78, 0x0c, 0x00, 0x00, 0x00, 0x00, 0x00, 0x00, 0x00, 0xe0, 0x00, 0x18, 0x00,
    0x3c, 0x07, 0x00, 0x00, 0x00, 0x00, 0x00, 0x00, 0x00, 0x60, 0x00, 0x0c, 0x00, 0x1e, 0x03, 0x80, 0x00, 0x00, 0x00, 0x00,
    0x00, 0x00, 0x70, 0x00, 0x0e, 0x00, 0x0f, 0x01, 0xc0, 0x00, 0x00, 0x00, 0x00, 0x00, 0x00, 0x30, 0x00, 0x07, 0x00, 0x07,
    0x80, 0x60, 0x00, 0x00, 0x00, 0x00, 0x00, 0x00, 0x38, 0x00, 0x03, 0x80, 0x03, 0xc0, 0x38, 0x00, 0x00, 0x00, 0x1c, 0x00,
    0x00, 0x38, 0x00, 0x01, 0x80, 0x01, 0xe0, 0x1c, 0x00, 0x00, 0x00, 0x03, 0xf8, 0x00, 0x38, 0x00, 0x01, 0xc0, 0x00, 0xf0,
    0x06, 0x00, 0x00, 0x00, 0x00, 0x00, 0x00, 0x38, 0x00, 0x00, 0xe0, 0x00, 0x78, 0x03, 0x80, 0x00, 0x00, 0x00, 0x00, 0x00,
    0x78, 0x00, 0x00, 0xe0, 0x00, 0x3c, 0x01, 0xc0, 0x00, 0x00, 0x40, 0x00, 0x01, 0xf0, 0x00, 0x00, 0x70, 0x00, 0x1e, 0x00,
    0x70, 0x00, 0x00, 0x18, 0x00, 0x00, 0xf0, 0x00, 0x00, 0x30, 0x00, 0x0f, 0x00, 0x38, 0x00, 0x00, 0x07, 0x00, 0x07, 0xf8,
    0x00, 0x00, 0x38, 0x00, 0x07, 0x80, 0x0e, 0x00, 0x00, 0x00, 0xf0, 0x07, 0xe0, 0x00, 0x00, 0x18, 0x00, 0x03, 0xc0, 0x07,
    0x00, 0x01, 0x00, 0x0f, 0xff, 0xe0, 0x00, 0x00, 0x1c, 0x00, 0x01, 0xe0, 0x01, 0xc0, 0x00, 0xc0, 0x00, 0x7f, 0xf0, 0x00,
    0x00, 0x1c, 0x00, 0x00, 0xf0, 0x00, 0xf0, 0x00, 0x18, 0x00, 0x3f, 0xe0, 0x00, 0x00, 0x0e, 0x00, 0x00, 0x78, 0x00, 0x38,
    0x00, 0x06, 0x00, 0x7f, 0xe0, 0x00, 0x00, 0x0e, 0x00, 0x00, 0x3c, 0x00, 0x0e, 0x00, 0x01, 0xc0, 0x7f, 0xc0, 0x00, 0x00,
    0x0e, 0x00, 0x00, 0x1e, 0x00, 0x07, 0x80, 0x00, 0x38, 0x3f, 0xe0, 0xe0, 0x00, 0x0f, 0x00, 0x00, 0x0f, 0x00, 0x01, 0xe0,
    0x00, 0x03, 0xdf, 0xf3, 0xc0, 0x00, 0x07, 0x00, 0x00, 0x07, 0x80, 0x00, 0x78, 0x00, 0x00, 0x3f, 0xfe, 0x00, 0x00, 0x07,
    0x00, 0x00, 0x03, 0xc0, 0x00, 0x1e, 0x00, 0x00, 0x01, 0xe0, 0x00, 0x00, 0x07, 0x00, 0x00, 0x01, 0xe0, 0x00, 0x07, 0x80,
    0x00, 0x00, 0x40, 0x00, 0x00, 0x07, 0x00, 0x00, 0x00, 0xf0, 0x00, 0x01, 0xe0, 0x00, 0x00, 0x00, 0x00, 0x00, 0x0f, 0x00,
    0x00, 0x00, 0x78, 0x00, 0x00, 0x78, 0x00, 0x00, 0x00, 0x00, 0x00, 0x0f, 0x00, 0x00, 0x00, 0x3c, 0x00, 0x00, 0x1e, 0x00,
    0x00, 0x00, 0x00, 0x00, 0x0f, 0x00, 0x00, 0x00, 0x1e, 0x00, 0x00, 0x07, 0xc0, 0x00, 0x00, 0x00, 0x00, 0x1f, 0x00, 0x00,
    0x00, 0x0f, 0x00, 0x00, 0x00, 0xf8, 0x00, 0x00, 0x00, 0x00, 0x1e, 0x00, 0x00, 0x00, 0x07, 0x80, 0x00, 0x00, 0x3f, 0x00,
    0x00, 0x00, 0x00, 0x3e, 0x00, 0x00, 0x00, 0x03, 0xc0, 0x00, 0x00, 0x07, 0xe0, 0x00, 0x00, 0x00, 0xfc, 0x00, 0x00, 0x00,
    0x01, 0xe0, 0x00, 0x00, 0x00, 0xfc, 0x00, 0x00, 0x01, 0xfc, 0x00, 0x00, 0x00, 0x00, 0xf0, 0x00, 0x00, 0x00, 0x1f, 0xe0,
    0x00, 0x0f, 0xf0, 0x00, 0x00, 0x00, 0x00, 0x78, 0x00, 0x00, 0x00, 0x03, 0xff, 0xff, 0xff, 0xe0, 0x00, 0x00, 0x00, 0x00,
    0x3c, 0x00, 0x00, 0x00, 0x00, 0x3f, 0xff, 0xff, 0x80, 0x00, 0x00, 0x00, 0x00, 0x1e, 0x00, 0x00, 0x00, 0x00, 0x00, 0xff,
    0xf8, 0x00, 0x00, 0x00, 0x00, 0x00, 0x0f, 0x00, 0x00, 0x00, 0x00, 0x00, 0x00, 0x00, 0x00, 0x00, 0x00, 0x00, 0x00, 0x07,
    0x80, 0x00, 0x00, 0x00, 0x00, 0x00, 0x00, 0x00, 0x00, 0x00, 0x00, 0x00, 0x03, 0xc0, 0x00, 0x00, 0x00, 0x00, 0x00, 0x00,
    0x00, 0x00, 0x00, 0x00, 0x00, 0x01, 0xff, 0xff, 0xff, 0xff, 0xff, 0xff, 0xff, 0xff, 0xff, 0xff, 0xff, 0xff, 0xff, 0xdf,
    0xff, 0xff, 0xff, 0xff, 0xff, 0xff, 0xff, 0xff, 0xff, 0xff, 0xff, 0xff, 0xc7, 0xff, 0xff, 0xff, 0xff, 0xff, 0xff, 0xff,
    0xff, 0xff, 0xff, 0xff, 0xff, 0xc0, 0x00, 0x00, 0x00, 0x00, 0x00, 0x00, 0x00, 0x00, 0x00, 0x00, 0x00, 0x00, 0x00, 0x00,
    0x00, 0x00, 0x00, 0x00, 0x00, 0x00, 0x00, 0x00, 0x00, 0x00, 0x00, 0x00, 0x00, 0x00, 0x00, 0x00, 0x00, 0x00, 0x00, 0x00,
    0x00, 0x00, 0x00, 0x00, 0x00, 0x00, 0x00, 0x00, 0x00, 0x00, 0x00, 0x00, 0x00, 0x00, 0x00, 0x00, 0x00, 0x00, 0x00, 0x00,
    0x00, 0x00, 0x00, 0x00, 0x00, 0x00, 0x00, 0x00, 0x00, 0x00, 0x00, 0x00, 0x00, 0x00, 0x00, 0x00, 0x00, 0x00, 0x00, 0x00,
    0x00, 0x00, 0x00, 0x00, 0x00, 0x00, 0x00, 0x00, 0x00, 0x00, 0x00, 0x00, 0x00, 0x00, 0x00, 0x00, 0x00, 0x00, 0x00, 0x00,
    0x00, 0x00, 0x00, 0x00, 0x00, 0x00, 0x00, 0x00, 0x00, 0x00, 0x00, 0x00, 0x00, 0x00, 0x00, 0x00, 0x00, 0x00, 0x00, 0x00,
    0x00, 0x00, 0x00, 0x06, 0x00, 0x00, 0x00, 0x00, 0x00, 0x00, 0x00, 0x00, 0x00, 0x00, 0x00, 0x00, 0x06, 0x01, 0xff, 0xff,
    0xff, 0xff, 0xff, 0xff, 0xff, 0xff, 0xff, 0xff, 0xff, 0xff, 0xf1, 0xff, 0xff, 0xff, 0xff, 0xff, 0xff, 0xff, 0xff, 0xff,
    0xff, 0xff, 0xff, 0xfd, 0xff, 0xff, 0xff, 0xff, 0xff, 0xff, 0xff, 0xff, 0xff, 0xff, 0xff, 0xff, 0xff, 0xc0, 0x00, 0x00,
    0x00, 0x00, 0x00, 0x00, 0x00, 0x00, 0x00, 0x00, 0x03, 0x81, 0xe0, 0x00, 0x00, 0x00, 0x00, 0x00, 0x00, 0x00, 0x00, 0x00,
    0x00, 0x03, 0xc0, 0xf0, 0x00, 0x00, 0x00, 0x00, 0x00, 0x00, 0x00, 0x00, 0x00, 0x00, 0x01, 0xe0, 0x78, 0x00, 0x00, 0x00,
    0x00, 0x00, 0xff, 0xc0, 0x00, 0x00, 0x00, 0x00, 0xf0, 0x3c, 0x00, 0x00, 0x00, 0x00, 0x1f, 0xff, 0xff, 0x00, 0x00, 0x00,
    0x00, 0x70, 0x1e, 0x00, 0x00, 0x00, 0x00, 0x7f, 0xff, 0xff, 0xf0, 0x00, 0x00, 0x07, 0xf0, 0x0f, 0x00, 0x00, 0x00, 0x01,
    0xff, 0x00, 0x01, 0xff, 0x00, 0x00, 0x07, 0xf8, 0x07, 0x80, 0x00, 0x00, 0x03, 0xf8, 0x00, 0x00, 0x0f, 0xe0, 0x00, 0x07,
    0xfe, 0x03, 0xc0, 0x00, 0x00, 0x07, 0xe0, 0x00, 0x00, 0x00, 0xfc, 0x00, 0x03, 0xff, 0x01, 0xe0, 0x00, 0x00, 0x07, 0xc0,
    0x00, 0x00, 0x00, 0x1f, 0x80, 0x03, 0xff, 0x80, 0xf0, 0x00, 0x00, 0x0f, 0x80, 0x00, 0x00, 0x00, 0x03, 0xe0, 0x01, 0xff,
    0xe0, 0x78, 0x00, 0x00, 0x0f, 0x00, 0x00, 0x00, 0x00, 0x00, 0x7c, 0x00, 0xff, 0xf0, 0x3c, 0x00, 0x00, 0x1f, 0x00, 0x00,
    0x00, 0x00, 0x00, 0x1f, 0x00, 0x7f, 0xf0, 0x1e, 0x00, 0x00, 0x1e, 0x00, 0x00, 0x00, 0x00, 0x00, 0x03, 0xc0, 0x1f, 0xf8,
    0x0f, 0x00, 0x00, 0x1e, 0x00, 0x00, 0x00, 0x00, 0x00, 0x00, 0xf0, 0x07, 0xf8, 0x07, 0x80, 0x00, 0x1e, 0x00, 0x00, 0x00,
    0x00, 0x00, 0x00, 0x3c, 0x03, 0xf8, 0x03, 0xc0, 0x00, 0x1e, 0x00, 0x00, 0x00, 0x00, 0x00, 0x00, 0x0f, 0x01, 0x80, 0x01,
    0xe0, 0x00, 0x1e, 0x00, 0x00, 0x00, 0x00, 0x00, 0x00, 0x03, 0xc1, 0x80, 0x00, 0xf0, 0x00, 0x1e, 0x00, 0x00, 0x00, 0x00,
    0x00, 0x00, 0x00, 0xf0, 0xc0, 0x00, 0x78, 0x00, 0x0e, 0x00, 0x00, 0x00, 0x00, 0x00, 0x00, 0x00, 0x3c, 0xc0, 0x00, 0x3c,
    0x00, 0x0e, 0x00, 0x00, 0x00, 0x00, 0x00, 0x00, 0x00, 0x0e, 0x60, 0x00, 0x1e, 0x00, 0x0e, 0x00, 0x00, 0x00, 0x00, 0x00,
    0x00, 0x00, 0x03, 0xe0, 0x00, 0x0f, 0x00, 0x07, 0x00, 0x00, 0x00, 0x00, 0x00, 0x00, 0x00, 0x00, 0xf0, 0x00, 0x07, 0x80,
    0x07, 0x00, 0x00, 0x00, 0x00, 0x00, 0x00, 0x00, 0x00, 0x70, 0x00, 0x03, 0xc0, 0x07, 0x00, 0x00, 0x00, 0x00, 0x00, 0x00,
    0x00, 0x00, 0x3c, 0x00, 0x01, 0xe0, 0x03, 0x80, 0x00, 0x00, 0x00, 0x00, 0x00, 0x00, 0x00, 0x1e, 0x00, 0x00, 0xf0, 0x03,
    0x80, 0x00, 0x00, 0x00, 0x00, 0x00, 0x00, 0x00, 0x0f, 0x80, 0x00, 0x78, 0x01, 0xc0, 0x00, 0x00, 0x00, 0x00, 0x00, 0x00,
    0x00, 0x0d, 0xc0, 0x00, 0x3c, 0x01, 0xc0, 0x00, 0x00, 0x00, 0x00, 0x00, 0x00, 0x00, 0x0e, 0x70, 0x00, 0x1e, 0x00, 0xe0,
    0x00, 0x00, 0x00, 0x00, 0x00, 0x00, 0x00, 0x06, 0x38, 0x00, 0x0f, 0x00, 0x60, 0x00, 0x00, 0x00, 0x00, 0x00, 0x00, 0x00,
    0x07, 0x0e, 0x00, 0x07, 0x80, 0x70, 0x00, 0x00, 0x00, 0x00, 0x00, 0x00, 0x00, 0x03, 0x07, 0x00, 0x03, 0xc0, 0x38, 0x00,
    0x00, 0x00, 0x00, 0x00, 0x00, 0x00, 0x03, 0x83, 0x80, 0x01, 0xe0, 0x18, 0x00, 0x00, 0x00, 0x00, 0x00, 0x00, 0x00, 0x01,
    0x80, 0xe0, 0x00, 0xf0, 0x1c, 0x00, 0x00, 0x00, 0x00, 0x00, 0x00, 0x00, 0x01, 0xc0, 0x70, 0x00, 0x78, 0x0e, 0x00, 0x00,
    0x00, 0x00, 0x00, 0x00, 0x00, 0x00, 0xc0, 0x38, 0x00, 0x3c, 0x07, 0x00, 0x00, 0x00, 0x00, 0x00, 0x00, 0x00, 0x00, 0xe0,
    0x0c, 0x00, 0x1e, 0x03, 0x00, 0x00, 0x00, 0x00, 0x00, 0x00, 0x00, 0x00, 0x60, 0x06, 0x00, 0x0f, 0x01, 0x80, 0x00, 0x00,
    0x00, 0x00, 0x00, 0x00, 0x00, 0x70, 0x03, 0x80, 0x07, 0x81, 0xc0, 0x00, 0x00, 0x00, 0x07, 0xf0, 0x00, 0x00, 0x30, 0x01,
    0xc0, 0x03, 0xc0, 0xe0, 0x00, 0x00, 0x00, 0x06, 0x0c, 0x00, 0x00, 0x30, 0x00, 0xe0, 0x01, 0xe0, 0x70, 0x00, 0x00, 0x00,
    0x06, 0x03, 0x00, 0x00, 0x18, 0x00, 0x70, 0x00, 0xf0, 0x38, 0x00, 0x00, 0x00, 0x02, 0x00, 0x80, 0x00, 0x18, 0x00, 0x38,
    0x00, 0x78, 0x1c, 0x00, 0x00, 0x00, 0x01, 0x00, 0x60, 0x00, 0x0c, 0x00, 0x1c, 0x00, 0x3c, 0x0e, 0x00, 0x00, 0x00, 0x00,
    0x80, 0x30, 0x00, 0x0c, 0x00, 0x0e, 0x00, 0x1e, 0x07, 0x00, 0x00, 0x00, 0x00, 0x40, 0x18, 0x00, 0x06, 0x00, 0x07, 0x00,
    0x0f, 0x03, 0x80, 0x00, 0x00, 0x00, 0x20, 0x08, 0x00, 0x06, 0x00, 0x03, 0x80, 0x07, 0x81, 0xc0, 0x00, 0x00, 0x00, 0x18,
    0x0c, 0x00, 0x03, 0x00, 0x01, 0xc0, 0x03, 0xc0, 0xe0, 0x00, 0x00, 0x00, 0x06, 0x0c, 0x00, 0x03, 0x00, 0x00, 0xe0, 0x01,
    0xe0, 0x70, 0x00, 0x00, 0x00, 0x01, 0xfc, 0x00, 0x01, 0x80, 0x00, 0x70, 0x00, 0xf0, 0x18, 0x00, 0x00, 0x00, 0x00, 0x38,
    0x00, 0x01, 0x80, 0x00, 0x38, 0x00, 0x78, 0x0c, 0x00, 0x00, 0x00, 0x00, 0x00, 0x00, 0x00, 0xc0, 0x00, 0x18, 0x00, 0x3c,
    0x07, 0x00, 0x00, 0x00, 0x00, 0x00, 0x00, 0x00, 0xc0, 0x00, 0x0c, 0x00, 0x1e, 0x03, 0x80, 0x00, 0x00, 0x04, 0x00, 0x00,
    0x00, 0x60, 0x00, 0x0e, 0x00, 0x0f, 0x01, 0xc0, 0x00, 0x00, 0x03, 0x00, 0x00, 0x00, 0x60, 0x00, 0x07, 0x00, 0x07, 0x80,
    0x60, 0x00, 0x00, 0x00, 0xe0, 0x00, 0x00, 0x70, 0x00, 0x03, 0x80, 0x03, 0xc0, 0x38, 0x00, 0x00, 0x40, 0x1c, 0x00, 0x00,
    0x70, 0x00, 0x01, 0x80, 0x01, 0xe0, 0x1c, 0x00, 0x00, 0x30, 0x03, 0x80, 0x00, 0x70, 0x00, 0x01, 0xc0, 0x00, 0xf0, 0x06,
    0x00, 0x08, 0x0c, 0x00, 0x00, 0x00, 0xf0, 0x00, 0x00, 0xe0, 0x00, 0x78, 0x03, 0x80, 0x06, 0x03, 0x00, 0x00, 0x03, 0xe0,
    0x00, 0x00, 0xe0, 0x00, 0x3c, 0x01, 0xc0, 0x01, 0x00, 0xc0, 0x00, 0x03, 0xe0, 0x00, 0x00, 0x70, 0x00, 0x1e, 0x00, 0x70,
    0x00, 0x40, 0x18, 0x00, 0x09, 0xe0, 0x00, 0x00, 0x30, 0x00, 0x0f, 0x00, 0x38, 0x00, 0x30, 0x07, 0x00, 0x0f, 0xe0, 0x00,
    0x00, 0x38, 0x00, 0x07, 0x80, 0x0e, 0x00, 0x0c, 0x00, 0xf0, 0x1f, 0x80, 0x00, 0x00, 0x18, 0x00, 0x03, 0xc0, 0x07, 0x00,
    0x03, 0x00, 0x0f, 0xdf, 0xc0, 0x00, 0x00, 0x1c, 0x00, 0x01, 0xe0, 0x01, 0xc0, 0x00, 0xc0, 0x00, 0xff, 0xc0, 0x00, 0x00,
    0x1c, 0x00, 0x00, 0xf0, 0x00, 0xf0, 0x00, 0x18, 0x00, 0xff, 0xc0, 0x00, 0x00, 0x0e, 0x00, 0x00, 0x78, 0x00, 0x38, 0x00,
    0x06, 0x01, 0xff, 0x80, 0x00, 0x00, 0x0e, 0x00, 0x00, 0x3c, 0x00, 0x0e, 0x00, 0x01, 0xc0, 0xff, 0x80, 0x00, 0x00, 0x0e,
    0x00, 0x00, 0x1e, 0x00, 0x07, 0x80, 0x00, 0x38, 0x7f, 0xc0, 0x00, 0x00, 0x0f, 0x00, 0x00, 0x0f, 0x00, 0x01, 0xe0, 0x00,
    0x03, 0xff, 0xc0, 0x00, 0x00, 0x07, 0x00, 0x00, 0x07, 0x80, 0x00, 0x78, 0x00, 0x00, 0x3f, 0xf8, 0x00, 0x00, 0x07, 0x00,
    0x00, 0x03, 0xc0, 0x00, 0x1e, 0x00, 0x00, 0x01, 0x80, 0x00, 0x00, 0x07, 0x00, 0x00, 0x01, 0xe0, 0x00, 0x07, 0x80, 0x00,
    0x00, 0x00, 0x00, 0x00, 0x07, 0x00, 0x00, 0x00, 0xf0, 0x00, 0x01, 0xe0, 0x00, 0x00, 0x00, 0x00, 0x00, 0x0f, 0x00, 0x00,
    0x00, 0x78, 0x00, 0x00, 0x78, 0x00, 0x00, 0x00, 0x00, 0x00, 0x0f, 0x00, 0x00, 0x00, 0x3c, 0x00, 0x00, 0x1e, 0x00, 0x00,
    0x00, 0x00, 0x00, 0x0f, 0x00, 0x00, 0x00, 0x1e, 0x00, 0x00, 0x07, 0xc0, 0x00, 0x00, 0x00, 0x00, 0x1f, 0x00, 0x00, 0x00,
    0x0f, 0x00, 0x00, 0x00, 0xf8, 0x00, 0x00, 0x00, 0x00, 0x1e, 0x00, 0x00, 0x00, 0x07, 0x80, 0x00, 0x00, 0x3f, 0x00, 0x00,
    0x00, 0x00, 0x3e, 0x00, 0x00, 0x00, 0x03, 0xc0, 0x00, 0x00, 0x07, 0xe0, 0x00, 0x00, 0x00, 0xfc, 0x00, 0x00, 0x00, 0x01,
    0xe0, 0x00, 0x00, 0x00, 0xfc, 0x00, 0x00, 0x01, 0xf8, 0x00, 0x00, 0x00, 0x00, 0xf0, 0x00, 0x00, 0x00, 0x1f, 0xe0, 0x00,
    0x0f, 0xf0, 0x00, 0x00, 0x00, 0x00, 0x78, 0x00, 0x00, 0x00, 0x03, 0xff, 0xff, 0xff, 0xe0, 0x00, 0x00, 0x00, 0x00, 0x3c,
    0x00, 0x00, 0x00, 0x00, 0x3f, 0xff, 0xff, 0x80, 0x00, 0x00, 0x00, 0x00, 0x1e, 0x00, 0x00, 0x00, 0x00, 0x00, 0xff, 0xf8,
    0x00, 0x00, 0x00, 0x00, 0x00, 0x0f, 0x00, 0x00, 0x00, 0x00, 0x00, 0x00, 0x00, 0x00, 0x00, 0x00, 0x00, 0x00, 0x07, 0x80,
    0x00, 0x00, 0x00, 0x00, 0x00, 0x00, 0x00, 0x00, 0x00, 0x00, 0x00, 0x03, 0xc0, 0x00, 0x00, 0x00, 0x00, 0x00, 0x00, 0x00,
    0x00, 0x00, 0x00, 0x00, 0x01, 0xff, 0xff, 0xff, 0xff, 0xff, 0xff, 0xff, 0xff, 0xff, 0xff, 0xff, 0xff, 0xff, 0xdf, 0xff,
    0xff, 0xff, 0xff, 0xff, 0xff, 0xff, 0xff, 0xff, 0xff, 0xff, 0xff, 0xc7, 0xff, 0xff, 0xff, 0xff, 0xff, 0xff, 0xff, 0xff,
    0xff, 0xff, 0xff, 0xff, 0xc0, 0x00, 0x00, 0x00, 0x00, 0x00, 0x00, 0x00, 0x00, 0x00, 0x00, 0x00, 0x00, 0x00, 0x00, 0x00,
    0x00, 0x00, 0x00, 0x00, 0x00, 0x00, 0x00, 0x00, 0x00, 0x00, 0x00, 0x00, 0x00, 0x00, 0x00, 0x00, 0x00, 0x00, 0x00, 0x00,
    0x00, 0x00, 0x00, 0x00, 0x00, 0x00, 0x00, 0x00, 0x00, 0x00, 0x00, 0x00, 0x00, 0x00, 0x00, 0x00, 0x00, 0x00, 0x00, 0x00,
    0x00, 0x00, 0x00, 0x00, 0x00, 0x00, 0x00, 0x00, 0x00, 0x00, 0x00, 0x00, 0x00, 0x00, 0x00, 0x00, 0x00, 0x00, 0x00, 0x00,
    0x00, 0x00, 0x00, 0x00, 0x00, 0x00, 0x00, 0x00, 0x00, 0x00, 0x00, 0x00, 0x00, 0x00, 0x00, 0x00, 0x00, 0x00, 0x00, 0x00,
    0x00, 0x00, 0x00, 0x00, 0x00, 0x00, 0x00, 0x00, 0x00, 0x00, 0x00, 0x00, 0x00, 0x00, 0x00, 0x00, 0x00, 0x00, 0x00, 0x00,
    0x00, 0x00, 0x06, 0x00, 0x00, 0x00, 0x00, 0x00, 0x00, 0x00, 0x00, 0x00, 0x00, 0x00, 0x00, 0x07, 0x01, 0xff, 0xff, 0xff,
    0xff, 0xff, 0xff, 0xff, 0xff, 0xff, 0xff, 0xff, 0xff, 0xf1, 0xff, 0xff, 0xff, 0xff, 0xff, 0xff, 0xff, 0xff, 0xff, 0xff,
    0xff, 0xff, 0xfd, 0xff, 0xff, 0xff, 0xff, 0xff, 0xff, 0xff, 0xff, 0xff, 0xff, 0xff, 0xff, 0xff, 0xc0, 0x00, 0x00, 0x00,
    0x00, 0x00, 0x00, 0x00, 0x00, 0x00, 0x00, 0x03, 0x81, 0xe0, 0x00, 0x00, 0x00, 0x00, 0x00, 0x00, 0x00, 0x00, 0x00, 0x00,
    0x03, 0xc0, 0xf0, 0x00, 0x00, 0x00, 0x00, 0x00, 0x00, 0x00, 0x00, 0x00, 0x00, 0x01, 0xe0, 0x78, 0x00, 0x00, 0x00, 0x00,
    0x00, 0xff, 0xc0, 0x00, 0x00, 0x00, 0x00, 0xf0, 0x3c, 0x00, 0x00, 0x00, 0x00, 0x1f, 0xff, 0xff, 0x00, 0x00, 0x00, 0x00,
    0x70, 0x1e, 0x00, 0x00, 0x00, 0x00, 0x7f, 0xff, 0xff, 0xf0, 0x00, 0x00, 0x07, 0xf0, 0x0f, 0x00, 0x00, 0x00, 0x01, 0xff,
    0x00, 0x01, 0xff, 0x00, 0x00, 0x07, 0xf8, 0x07, 0x80, 0x00, 0x00, 0x03, 0xf8, 0x00, 0x00, 0x0f, 0xe0, 0x00, 0x07, 0xfe,
    0x03, 0xc0, 0x00, 0x00, 0x07, 0xe0, 0x00, 0x00, 0x00, 0xfc, 0x00, 0x03, 0xff, 0x01, 0xe0, 0x00, 0x00, 0x07, 0xc0, 0x00,
    0x00, 0x00, 0x1f, 0x80, 0x03, 0xff, 0x80, 0xf0, 0x00, 0x00, 0x0f, 0x80, 0x00, 0x00, 0x00, 0x03, 0xe0, 0x01, 0xff, 0xe0,
    0x78, 0x00, 0x00, 0x0f, 0x00, 0x00, 0x00, 0x00, 0x00, 0x7c, 0x00, 0xff, 0xf0, 0x3c, 0x00, 0x00, 0x1f, 0x00, 0x00, 0x00,
    0x00, 0x00, 0x1f, 0x00, 0x7f, 0xf0, 0x1e, 0x00, 0x00, 0x1e, 0x00, 0x00, 0x00, 0x00, 0x00, 0x03, 0xc0, 0x1f, 0xf8, 0x0f,
    0x00, 0x00, 0x1e, 0x00, 0x00, 0x00, 0x00, 0x00, 0x00, 0xf0, 0x07, 0xf8, 0x07, 0x80, 0x00, 0x1e, 0x00, 0x00, 0x00, 0x00,
    0x00, 0x00, 0x3c, 0x03, 0xf8, 0x03, 0xc0, 0x00, 0x1e, 0x00, 0x00, 0x00, 0x00, 0x00, 0x00, 0x0f, 0x01, 0x80, 0x01, 0xe0,
    0x00, 0x1e, 0x00, 0x00, 0x00, 0x00, 0x00, 0x00, 0x03, 0xc1, 0x80, 0x00, 0xf0, 0x00, 0x1e, 0x00, 0x00, 0x00, 0x00, 0x00,
    0x00, 0x00, 0xf0, 0xc0, 0x00, 0x78, 0x00, 0x0e, 0x00, 0x00, 0x00, 0x00, 0x00, 0x00, 0x00, 0x3c, 0xc0, 0x00, 0x3c, 0x00,
    0x0e, 0x00, 0x00, 0x00, 0x00, 0x00, 0x00, 0x00, 0x0e, 0xe0, 0x00, 0x1e, 0x00, 0x0e, 0x00, 0x00, 0x00, 0x00, 0x00, 0x00,
    0x00, 0x03, 0xe0, 0x00, 0x0f, 0x00, 0x07, 0x00, 0x00, 0x00, 0x00, 0x00, 0x00, 0x00, 0x00, 0xf0, 0x00, 0x07, 0x80, 0x07,
    0x00, 0x00, 0x00, 0x00, 0x00, 0x00, 0x00, 0x00, 0x70, 0x00, 0x03, 0xc0, 0x07, 0x00, 0x00, 0x00, 0x00, 0x00, 0x00, 0x00,
    0x00, 0x3c, 0x00, 0x01, 0xe0, 0x03, 0x80, 0x00, 0x00, 0x00, 0x00, 0x00, 0x00, 0x00, 0x1e, 0x00, 0x00, 0xf0, 0x03, 0x80,
    0x00, 0x00, 0x00, 0x00, 0x00, 0x00, 0x00, 0x1f, 0x80, 0x00, 0x78, 0x01, 0xc0, 0x00, 0x00, 0x00, 0x00, 0x00, 0x00, 0x00,
    0x0d, 0xc0, 0x00, 0x3c, 0x01, 0xc0, 0x00, 0x00, 0x00, 0x00, 0x00, 0x00, 0x00, 0x0c, 0x70, 0x00, 0x1e, 0x00, 0xe0, 0x00,
    0x00, 0x00, 0x00, 0x00, 0x00, 0x00, 0x06, 0x38, 0x00, 0x0f, 0x00, 0x60, 0x00, 0x00, 0x00, 0x00, 0x00, 0x00, 0x00, 0x06,
    0x0e, 0x00, 0x07, 0x80, 0x70, 0x00, 0x00, 0x00, 0x00, 0x00, 0x00, 0x00, 0x03, 0x07, 0x00, 0x03, 0xc0, 0x38, 0x00, 0x00,
    0x00, 0x00, 0x00, 0x00, 0x00, 0x03, 0x03, 0x80, 0x01, 0xe0, 0x18, 0x00, 0x00, 0x00, 0x00, 0x00, 0x00, 0x00, 0x01, 0x80,
    0xe0, 0x00, 0xf0, 0x1c, 0x00, 0x00, 0x00, 0x00, 0x00, 0x00, 0x00, 0x01, 0x80, 0x70, 0x00, 0x78, 0x0e, 0x00, 0x00, 0x00,
    0x00, 0x00, 0x00, 0x00, 0x01, 0xc0, 0x38, 0x00, 0x3c, 0x07, 0x00, 0x00, 0x00, 0x00, 0x00, 0x00, 0x00, 0x00, 0xc0, 0x0c,
    0x00, 0x1e, 0x03, 0x00, 0x00, 0x00, 0x00, 0x00, 0x00, 0x00, 0x00, 0xe0, 0x06, 0x00, 0x0f, 0x01, 0x80, 0x00, 0x00, 0x00,
    0x00, 0x00, 0x00, 0x00, 0x60, 0x03, 0x80, 0x07, 0x81, 0xc0, 0x00, 0x00, 0x00, 0x07, 0xf0, 0x00, 0x00, 0x70, 0x01, 0xc0,
    0x03, 0xc0, 0xe0, 0x00, 0x00, 0x00, 0x06, 0x0c, 0x00, 0x00, 0x30, 0x00, 0xe0, 0x01, 0xe0, 0x70, 0x00, 0x00, 0x00, 0x06,
    0x03, 0x00, 0x00, 0x30, 0x00, 0x70, 0x00, 0xf0, 0x38, 0x00, 0x00, 0x00, 0x02, 0x00, 0x80, 0x00, 0x18, 0x00, 0x38, 0x00,
    0x78, 0x1c, 0x00, 0x00, 0x00, 0x01, 0x00, 0x60, 0x00, 0x18, 0x00, 0x1c, 0x00, 0x3c, 0x0e, 0x00, 0x00, 0x00, 0x00, 0x80,
    0x30, 0x00, 0x0c, 0x00, 0x0e, 0x00, 0x1e, 0x07, 0x00, 0x00, 0x00, 0x00, 0x40, 0x18, 0x00, 0x0c, 0x00, 0x07, 0x00, 0x0f,
    0x03, 0x80, 0x00, 0x00, 0x00, 0x20, 0x08, 0x00, 0x06, 0x00, 0x03, 0x80, 0x07, 0x81, 0xc0, 0x00, 0x00, 0x00, 0x18, 0x0c,
    0x00, 0x06, 0x00, 0x01, 0xc0, 0x03, 0xc0, 0xe0, 0x00, 0x00, 0x00, 0x06, 0x0c, 0x00, 0x03, 0x00, 0x00, 0xe0, 0x01, 0xe0,
    0x70, 0x00, 0x00, 0x00, 0x01, 0xfc, 0x00, 0x03, 0x00, 0x00, 0x70, 0x00, 0xf0, 0x18, 0x00, 0x40, 0x81, 0x80, 0x38, 0x00,
    0x03, 0x80, 0x00, 0x38, 0x00, 0x78, 0x0c, 0x00, 0x20, 0x40, 0x40, 0x00, 0x00, 0x01, 0x80, 0x00, 0x18, 0x00, 0x3c, 0x07,
    0x00, 0x10, 0x10, 0x10, 0x00, 0x00, 0x01, 0xc0, 0x00, 0x0c, 0x00, 0x1e, 0x03, 0x80, 0x0c, 0x08, 0x0c, 0x00, 0x00, 0x00,
    0xc0, 0x00, 0x0e, 0x00, 0x0f, 0x01, 0xc0, 0x02, 0x06, 0x03, 0x00, 0x00, 0x00, 0xe0, 0x00, 0x07, 0x00, 0x07, 0x80, 0x60,
    0x01, 0x01, 0x00, 0xe0, 0x00, 0x00, 0x60, 0x00, 0x03, 0x80, 0x03, 0xc0, 0x38, 0x00, 0x40, 0x40, 0x10, 0x00, 0x00, 0xe0,
    0x00, 0x01, 0x80, 0x01, 0xe0, 0x1c, 0x00, 0x20, 0x30, 0x00, 0x00, 0x00, 0xe0, 0x00, 0x01, 0xc0, 0x00, 0xf0, 0x06, 0x00,
    0x08, 0x0c, 0x00, 0x00, 0x01, 0xe0, 0x00, 0x00, 0xe0, 0x00, 0x78, 0x03, 0x80, 0x06, 0x03, 0x00, 0x00, 0x07, 0xc0, 0x00,
    0x00, 0xe0, 0x00, 0x3c, 0x01, 0xc0, 0x01, 0x00, 0xc0, 0x00, 0x07, 0xc0, 0x00, 0x00, 0x70, 0x00, 0x1e, 0x00, 0x70, 0x00,
    0x40, 0x18, 0x00, 0x1f, 0xc0, 0x00, 0x00, 0x30, 0x00, 0x0f, 0x00, 0x38, 0x00, 0x30, 0x07, 0x00, 0x1f, 0xc0, 0x00, 0x00,
    0x38, 0x00, 0x07, 0x80, 0x0e, 0x00, 0x0c, 0x00, 0xc0, 0x3f, 0x80, 0x00, 0x00, 0x18, 0x00, 0x03, 0xc0, 0x07, 0x00, 0x03,
    0x00, 0x01, 0xff, 0x80, 0x00, 0x00, 0x1c, 0x00, 0x01, 0xe0, 0x01, 0xc0, 0x00, 0xc0, 0x01, 0xff, 0x80, 0x00, 0x00, 0x1c,
    0x00, 0x00, 0xf0, 0x00, 0xf0, 0x00, 0x18, 0x03, 0xff, 0x00, 0x00, 0x00, 0x0e, 0x00, 0x00, 0x78, 0x00, 0x38, 0x00, 0x06,
    0x01, 0xff, 0x00, 0x00, 0x00, 0x0e, 0x00, 0x00, 0x3c, 0x00, 0x0e, 0x00, 0x01, 0xc0, 0xff, 0x00, 0x00, 0x00, 0x0e, 0x00,
    0x00, 0x1e, 0x00, 0x07, 0x80, 0x00, 0x38, 0x7f, 0x80, 0x00, 0x00, 0x0f, 0x00, 0x00, 0x0f, 0x00, 0x01, 0xe0, 0x00, 0x03,
    0xff, 0x00, 0x00, 0x00, 0x07, 0x00, 0x00, 0x07, 0x80, 0x00, 0x78, 0x00, 0x00, 0x3f, 0x00, 0x00, 0x00, 0x07, 0x00, 0x00,
    0x03, 0xc0, 0x00, 0x1e, 0x00, 0x00, 0x00, 0x00, 0x00, 0x00, 0x07, 0x00, 0x00, 0x01, 0xe0, 0x00, 0x07, 0x80, 0x00, 0x00,
    0x00, 0x00, 0x00, 0x07, 0x00, 0x00, 0x00, 0xf0, 0x00, 0x01, 0xe0, 0x00, 0x00, 0x00, 0x00, 0x00, 0x0f, 0x00, 0x00, 0x00,
    0x78, 0x00, 0x00, 0x78, 0x00, 0x00, 0x00, 0x00, 0x00, 0x0f, 0x00, 0x00, 0x00, 0x3c, 0x00, 0x00, 0x1e, 0x00, 0x00, 0x00,
    0x00, 0x00, 0x0f, 0x00, 0x00, 0x00, 0x1e, 0x00, 0x00, 0x07, 0xc0, 0x00, 0x00, 0x00, 0x00, 0x1f, 0x00, 0x00, 0x00, 0x0f,
    0x00, 0x00, 0x00, 0xf8, 0x00, 0x00, 0x00, 0x00, 0x1e, 0x00, 0x00, 0x00, 0x07, 0x80, 0x00, 0x00, 0x3f, 0x00, 0x00, 0x00,
    0x00, 0x3e, 0x00, 0x00, 0x00, 0x03, 0xc0, 0x00, 0x00, 0x07, 0xe0, 0x00, 0x00, 0x00, 0xfc, 0x00, 0x00, 0x00, 0x01, 0xe0,
    0x00, 0x00, 0x00, 0xfc, 0x00, 0x00, 0x01, 0xf8, 0x00, 0x00, 0x00, 0x00, 0xf0, 0x00, 0x00, 0x00, 0x1f, 0xe0, 0x00, 0x0f,
    0xf0, 0x00, 0x00, 0x00, 0x00, 0x78, 0x00, 0x00, 0x00, 0x03, 0xff, 0xff, 0xff, 0xe0, 0x00, 0x00, 0x00, 0x00, 0x3c, 0x00,
    0x00, 0x00, 0x00, 0x3f, 0xff, 0xff, 0x80, 0x00, 0x00, 0x00, 0x00, 0x1e, 0x00, 0x00, 0x00, 0x00, 0x00, 0xff, 0xf8, 0x00,
    0x00, 0x00, 0x00, 0x00, 0x0f, 0x00, 0x00, 0x00, 0x00, 0x00, 0x00, 0x00, 0x00, 0x00, 0x00, 0x00, 0x00, 0x07, 0x80, 0x00,
    0x00, 0x00, 0x00, 0x00, 0x00, 0x00, 0x00, 0x00, 0x00, 0x00, 0x03, 0xc0, 0x00, 0x00, 0x00, 0x00, 0x00, 0x00, 0x00, 0x00,
    0x00, 0x00, 0x00, 0x01, 0xff, 0xff, 0xff, 0xff, 0xff, 0xff, 0xff, 0xff, 0xff, 0xff, 0xff, 0xff, 0xff, 0xdf, 0xff, 0xff,
    0xff, 0xff, 0xff, 0xff, 0xff, 0xff, 0xff, 0xff, 0xff, 0xff, 0xc7, 0xff, 0xff, 0xff, 0xff, 0xff, 0xff, 0xff, 0xff, 0xff,
    0xff, 0xff, 0xff, 0xc0, 0x00, 0x00, 0x00, 0x00, 0x00, 0x00, 0x00, 0x00, 0x00, 0x00, 0x00, 0x00, 0x00, 0x00, 0x00, 0x00,
    0x00, 0x00, 0x00, 0x00, 0x00, 0x00, 0x00, 0x00, 0x00, 0x00, 0x00, 0x00, 0x00, 0x00, 0x00, 0x00, 0x00, 0x00, 0x00, 0x00,
    0x00, 0x00, 0x00, 0x00, 0x00, 0x00, 0x00, 0x00, 0x00, 0x00, 0x00, 0x00, 0x00, 0x00, 0x00, 0x00, 0x00, 0x00, 0x00, 0x00,
    0x00, 0x00, 0x00, 0x00, 0x00, 0x00, 0x00, 0x00, 0x00, 0x00, 0x00, 0x00, 0x00, 0x00, 0x00, 0x00, 0x00, 0x00, 0x00, 0x00,
    0x00, 0x00, 0x00, 0x00, 0x00, 0x00, 0x00, 0x00, 0x00, 0x00, 0x00, 0x00, 0x00, 0x00, 0x00, 0x00, 0x00, 0x00, 0x00, 0x00,
    0x00, 0x00, 0x00, 0x00, 0x00, 0x00, 0x00, 0x00, 0x00, 0x00, 0x00, 0x00, 0x00, 0x00, 0x00, 0x00, 0x00, 0x00, 0x00, 0x00,
    0x00, 0x06, 0x00, 0x00, 0x00, 0x00, 0x00, 0x00, 0x00, 0x00, 0x00, 0x00, 0x00, 0x00, 0x07, 0x01, 0xff, 0xff, 0xff, 0xff,
    0xff, 0xff, 0xff, 0xff, 0xff, 0xff, 0xff, 0xff, 0xf1, 0xff, 0xff, 0xff, 0xff, 0xff, 0xff, 0xff, 0xff, 0xff, 0xff, 0xff,
    0xff, 0xfd, 0xff, 0xff, 0xff, 0xff, 0xff, 0xff, 0xff, 0xff, 0xff, 0xff, 0xff, 0xff, 0xff, 0xc0, 0x00, 0x00, 0x00, 0x00,
    0x00, 0x00, 0x00, 0x00, 0x00, 0x00, 0x03, 0x81, 0xe0, 0x00, 0x00, 0x00, 0x00, 0x00, 0x00, 0x00, 0x00, 0x00, 0x00, 0x03,
    0xc0, 0xf0, 0x00, 0x00, 0x00, 0x00, 0x00, 0x00, 0x00, 0x00, 0x00, 0x00, 0x01, 0xe0, 0x78, 0x00, 0x00, 0x00, 0x00, 0x00,
    0xff, 0xc0, 0x00, 0x00, 0x00, 0x00, 0xf0, 0x3c, 0x00, 0x00, 0x00, 0x00, 0x1f, 0xff, 0xff, 0x00, 0x00, 0x00, 0x00, 0x70,
    0x1e, 0x00, 0x00, 0x00, 0x00, 0x7f, 0xff, 0xff, 0xf0, 0x00, 0x00, 0x07, 0xf0, 0x0f, 0x00, 0x00, 0x00, 0x01, 0xff, 0x00,
    0x01, 0xff, 0x00, 0x00, 0x07, 0xf8, 0x07, 0x80, 0x00, 0x00, 0x03, 0xf8, 0x00, 0x00, 0x0f, 0xe0, 0x00, 0x07, 0xfe, 0x03,
    0xc0, 0x00, 0x00, 0x07, 0xe0, 0x00, 0x00, 0x00, 0xfc, 0x00, 0x03, 0xff, 0x01, 0xe0, 0x00, 0x00, 0x07, 0xc0, 0x00, 0x00,
    0x00, 0x1f, 0x80, 0x03, 0xff, 0x80, 0xf0, 0x00, 0x00, 0x0f, 0x80, 0x00, 0x00, 0x00, 0x03, 0xe0, 0x01, 0xff, 0xe0, 0x78,
    0x00, 0x00, 0x0f, 0x00, 0x00, 0x00, 0x00, 0x00, 0x7c, 0x00, 0xff, 0xf0, 0x3c, 0x00, 0x00, 0x1f, 0x00, 0x00, 0x00, 0x00,
    0x00, 0x1f, 0x00, 0x7f, 0xf0, 0x1e, 0x00, 0x00, 0x1e, 0x00, 0x00, 0x00, 0x00, 0x00, 0x03, 0xc0, 0x1f, 0xf8, 0x0f, 0x00,
    0x00, 0x1e, 0x00, 0x00, 0x00, 0x00, 0x00, 0x00, 0xf0, 0x07, 0xf8, 0x07, 0x80, 0x00, 0x1e, 0x00, 0x00, 0x00, 0x00, 0x00,
    0x00, 0x3c, 0x03, 0xf8, 0x03, 0xc0, 0x00, 0x1e, 0x00, 0x00, 0x00, 0x00, 0x00, 0x00, 0x0f, 0x01, 0x80, 0x01, 0xe0, 0x00,
    0x1e, 0x00, 0x00, 0x00, 0x00, 0x00, 0x00, 0x03, 0xc1, 0x80, 0x00, 0xf0, 0x00, 0x1e, 0x00, 0x00, 0x00, 0x00, 0x00, 0x00,
    0x00, 0xf0, 0xc0, 0x00, 0x78, 0x00, 0x0e, 0x00, 0x00, 0x00, 0x00, 0x00, 0x00, 0x00, 0x3c, 0xc0, 0x00, 0x3c, 0x00, 0x0e,
    0x00, 0x00, 0x00, 0x00, 0x00, 0x00, 0x00, 0x0e, 0xe0, 0x00, 0x1e, 0x00, 0x0e, 0x00, 0x00, 0x00, 0x00, 0x00, 0x00, 0x00,
    0x03, 0xe0, 0x00, 0x0f, 0x00, 0x07, 0x00, 0x00, 0x00, 0x00, 0x00, 0x00, 0x00, 0x00, 0xf0, 0x00, 0x07, 0x80, 0x07, 0x00,
    0x00, 0x00, 0x00, 0x00, 0x00, 0x00, 0x00, 0x70, 0x00, 0x03, 0xc0, 0x07, 0x00, 0x00, 0x00, 0x00, 0x00, 0x00, 0x00, 0x00,
    0x3c, 0x00, 0x01, 0xe0, 0x03, 0x80, 0x00, 0x00, 0x00, 0x00, 0x00, 0x00, 0x00, 0x1e, 0x00, 0x00, 0xf0, 0x03, 0x80, 0x00,
    0x00, 0x00, 0x00, 0x00, 0x00, 0x00, 0x1f, 0x80, 0x00, 0x78, 0x01, 0xc0, 0x00, 0x00, 0x00, 0x00, 0x00, 0x00, 0x00, 0x0d,
    0xc0, 0x00, 0x3c, 0x01, 0xc0, 0x00, 0x00, 0x00, 0x00, 0x00, 0x00, 0x00, 0x0c, 0x70, 0x00, 0x1e, 0x00, 0xe0, 0x00, 0x00,
    0x00, 0x00, 0x00, 0x00, 0x00, 0x06, 0x38, 0x00, 0x0f, 0x00, 0x60, 0x00, 0x00, 0x00, 0x00, 0x00, 0x00, 0x00, 0x06, 0x0e,
    0x00, 0x07, 0x80, 0x70, 0x00, 0x00, 0x00, 0x00, 0x00, 0x00, 0x00, 0x03, 0x07, 0x00, 0x03, 0xc0, 0x38, 0x00, 0x00, 0x00,
    0x00, 0x00, 0x00, 0x00, 0x03, 0x03, 0x80, 0x01, 0xe0, 0x18, 0x00, 0x00, 0x00, 0x00, 0x00, 0x00, 0x00, 0x01, 0x80, 0xe0,
    0x00, 0xf0, 0x1c, 0x00, 0x00, 0x00, 0x00, 0x00, 0x00, 0x00, 0x01, 0x80, 0x70, 0x00, 0x78, 0x0e, 0x00, 0x00, 0x00, 0x00,
    0x00, 0x00, 0x00, 0x01, 0xc0, 0x38, 0x00, 0x3c, 0x07, 0x00, 0x00, 0x00, 0x00, 0x00, 0x00, 0x00, 0x00, 0xc0, 0x0c, 0x00,
    0x1e, 0x03, 0x00, 0x00, 0x00, 0x00, 0x00, 0x00, 0x00, 0x00, 0xe0, 0x06, 0x00, 0x0f, 0x01, 0x80, 0x00, 0x00, 0x00, 0x00,
    0x00, 0x00, 0x00, 0x60, 0x03, 0x80, 0x07, 0x81, 0xc0, 0x00, 0x00, 0x00, 0x07, 0xf0, 0x00, 0x00, 0x70, 0x01, 0xc0, 0x03,
    0xc0, 0xe0, 0x00, 0x00, 0x00, 0x06, 0x0c, 0x00, 0x00, 0x30, 0x00, 0xe0, 0x01, 0xe0, 0x70, 0x01, 0x00, 0x00, 0x06, 0x03,
    0x00, 0x00, 0x30, 0x00, 0x70, 0x00, 0xf0, 0x38, 0x00, 0x80, 0x00, 0x02, 0x00, 0x80, 0x00, 0x18, 0x00, 0x38, 0x00, 0x78,
    0x1c, 0x00, 0x40, 0x00, 0x01, 0x00, 0x60, 0x00, 0x18, 0x00, 0x1c, 0x00, 0x3c, 0x0e, 0x00, 0x20, 0x40, 0x00, 0x80, 0x30,
    0x00, 0x0c, 0x00, 0x0e, 0x00, 0x1e, 0x07, 0x00, 0x10, 0x20, 0x00, 0x40, 0x18, 0x00, 0x0c, 0x00, 0x07, 0x00, 0x0f, 0x03,
    0x80, 0x08, 0x10, 0x20, 0x20, 0x08, 0x00, 0x06, 0x00, 0x03, 0x80, 0x07, 0x81, 0xc0, 0x04, 0x08, 0x18, 0x18, 0x0c, 0x00,
    0x06, 0x00, 0x01, 0xc0, 0x03, 0xc0, 0xe0, 0x02, 0x06, 0x04, 0x06, 0x0c, 0x00, 0x03, 0x00, 0x00, 0xe0, 0x01, 0xe0, 0x70,
    0x01, 0x81, 0x02, 0x01, 0xfc, 0x00, 0x03, 0x00, 0x00, 0x70, 0x00, 0xf0, 0x18, 0x00, 0x40, 0x81, 0x80, 0x38, 0x00, 0x03,
    0x80, 0x00, 0x38, 0x00, 0x78, 0x0c, 0x00, 0x20, 0x40, 0x40, 0x00, 0x00, 0x01, 0x80, 0x00, 0x18, 0x00, 0x3c, 0x07, 0x00,
    0x10, 0x10, 0x10, 0x00, 0x00, 0x01, 0xc0, 0x00, 0x0c, 0x00, 0x1e, 0x03, 0x80, 0x0c, 0x08, 0x0c, 0x00, 0x00, 0x00, 0xc0,
    0x00, 0x0e, 0x00, 0x0f, 0x01, 0xc0, 0x02, 0x06, 0x00, 0x00, 0x00, 0x00, 0xe0, 0x00, 0x07, 0x00, 0x07, 0x80, 0x60, 0x01,
    0x01, 0x00, 0x00, 0x00, 0x00, 0x60, 0x00, 0x03, 0x80, 0x03, 0xc0, 0x38, 0x00, 0x40, 0x40, 0x00, 0x00, 0x00, 0xe0, 0x00,
    0x01, 0x80, 0x01, 0xe0, 0x1c, 0x00, 0x20, 0x30, 0x00, 0x00, 0x00, 0xe0, 0x00, 0x01, 0xc0, 0x00, 0xf0, 0x06, 0x00, 0x08,
    0x0c, 0x00, 0x00, 0x01, 0xe0, 0x00, 0x00, 0xe0, 0x00, 0x78, 0x03, 0x80, 0x06, 0x03, 0x00, 0x00, 0x07, 0xc0, 0x00, 0x00,
    0xe0, 0x00, 0x3c, 0x01, 0xc0, 0x01, 0x00, 0xc0, 0x00, 0x07, 0xc0, 0x00, 0x00, 0x70, 0x00, 0x1e, 0x00, 0x70, 0x00, 0x40,
    0x00, 0x00, 0x1f, 0xc0, 0x00, 0x00, 0x30, 0x00, 0x0f, 0x00, 0x38, 0x00, 0x30, 0x00, 0x00, 0x1f, 0xc0, 0x00, 0x00, 0x38,
    0x00, 0x07, 0x80, 0x0e, 0x00, 0x0c, 0x00, 0x00, 0x3f, 0x80, 0x00, 0x00, 0x18, 0x00, 0x03, 0xc0, 0x07, 0x00, 0x03, 0x00,
    0x01, 0xff, 0x80, 0x00, 0x00, 0x1c, 0x00, 0x01, 0xe0, 0x01, 0xc0, 0x00, 0xc0, 0x01, 0xff, 0x80, 0x00, 0x00, 0x1c, 0x00,
    0x00, 0xf0, 0x00, 0xf0, 0x00, 0x18, 0x03, 0xff, 0x00, 0x00, 0x00, 0x0e, 0x00, 0x00, 0x78, 0x00, 0x38, 0x00, 0x06, 0x01,
    0xff, 0x00, 0x00, 0x00, 0x0e, 0x00, 0x00, 0x3c, 0x00, 0x0e, 0x00, 0x01, 0x80, 0xff, 0x00, 0x00, 0x00, 0x0e, 0x00, 0x00,
    0x1e, 0x00, 0x07, 0x80, 0x00, 0x00, 0x7f, 0x80, 0x00, 0x00, 0x0f, 0x00, 0x00, 0x0f, 0x00, 0x01, 0xe0, 0x00, 0x00, 0x3f,
    0x00, 0x00, 0x00, 0x07, 0x00, 0x00, 0x07, 0x80, 0x00, 0x78, 0x00, 0x00, 0x0f, 0x00, 0x00, 0x00, 0x07, 0x00, 0x00, 0x03,
    0xc0, 0x00, 0x1e, 0x00, 0x00, 0x00, 0x00, 0x00, 0x00, 0x07, 0x00, 0x00, 0x01, 0xe0, 0x00, 0x07, 0x80, 0x00, 0x00, 0x00,
    0x00, 0x00, 0x07, 0x00, 0x00, 0x00, 0xf0, 0x00, 0x01, 0xe0, 0x00, 0x00, 0x00, 0x00, 0x00, 0x0f, 0x00, 0x00, 0x00, 0x78,
    0x00, 0x00, 0x78, 0x00, 0x00, 0x00, 0x00, 0x00, 0x0f, 0x00, 0x00, 0x00, 0x3c, 0x00, 0x00, 0x1e, 0x00, 0x00, 0x00, 0x00,
    0x00, 0x0f, 0x00, 0x00, 0x00, 0x1e, 0x00, 0x00, 0x07, 0xc0, 0x00, 0x00, 0x00, 0x00, 0x1f, 0x00, 0x00, 0x00, 0x0f, 0x00,
    0x00, 0x00, 0xf8, 0x00, 0x00, 0x00, 0x00, 0x1e, 0x00, 0x00, 0x00, 0x07, 0x80, 0x00, 0x00, 0x3f, 0x00, 0x00, 0x00, 0x00,
    0x3e, 0x00, 0x00, 0x00, 0x03, 0xc0, 0x00, 0x00, 0x07, 0xe0, 0x00, 0x00, 0x00, 0xfc, 0x00, 0x00, 0x00, 0x01, 0xe0, 0x00,
    0x00, 0x00, 0xfc, 0x00, 0x00, 0x01, 0xf8, 0x00, 0x00, 0x00, 0x00, 0xf0, 0x00, 0x00, 0x00, 0x1f, 0xe0, 0x00, 0x0f, 0xf0,
    0x00, 0x00, 0x00, 0x00, 0x78, 0x00, 0x00, 0x00, 0x03, 0xff, 0xff, 0xff, 0xe0, 0x00, 0x00, 0x00, 0x00, 0x3c, 0x00, 0x00,
    0x00, 0x00, 0x3f, 0xff, 0xff, 0x80, 0x00, 0x00, 0x00, 0x00, 0x1e, 0x00, 0x00, 0x00, 0x00, 0x00, 0xff, 0xf8, 0x00, 0x00,
    0x00, 0x00, 0x00, 0x0f, 0x00, 0x00, 0x00, 0x00, 0x00, 0x00, 0x00, 0x00, 0x00, 0x00, 0x00, 0x00, 0x07, 0x80, 0x00, 0x00,
    0x00, 0x00, 0x00, 0x00, 0x00, 0x00, 0x00, 0x00, 0x00, 0x03, 0xc0, 0x00, 0x00, 0x00, 0x00, 0x00, 0x00, 0x00, 0x00, 0x00,
    0x00, 0x00, 0x01, 0xff, 0xff, 0xff, 0xff, 0xff, 0xff, 0xff, 0xff, 0xff, 0xff, 0xff, 0xff, 0xff, 0xdf, 0xff, 0xff, 0xff,
    0xff, 0xff, 0xff, 0xff, 0xff, 0xff, 0xff, 0xff, 0xff, 0xc7, 0xff, 0xff, 0xff, 0xff, 0xff, 0xff, 0xff, 0xff, 0xff, 0xff,
    0xff, 0xff, 0xc0, 0x00, 0x00, 0x00, 0x00, 0x00, 0x00, 0x00, 0x00, 0x00, 0x00, 0x00, 0x00, 0x00, 0x00, 0x00, 0x00, 0x00,
    0x00, 0x00, 0x00, 0x00, 0x00, 0x00, 0x00, 0x00, 0x00, 0x00, 0x00, 0x00, 0x00, 0x00, 0x00, 0x00, 0x00, 0x00, 0x00, 0x00,
    0x00, 0x00, 0x00, 0x00, 0x00, 0x00, 0x00, 0x00, 0x00, 0x00, 0x00, 0x00, 0x00, 0x00, 0x00, 0x00, 0x00, 0x00, 0x00, 0x00,
    0x00, 0x00, 0x00, 0x00, 0x00, 0x00, 0x00, 0x00, 0x00, 0x00, 0x00, 0x00, 0x00, 0x00, 0x00, 0x00, 0x00, 0x00, 0x00, 0x00,
    0x00, 0x00, 0x00, 0x00, 0x00, 0x00, 0x00, 0x00, 0x00, 0x00, 0x00, 0x00, 0x00, 0x00, 0x00, 0x00, 0x00, 0x00, 0x00, 0x00,
    0x00, 0x00, 0x00, 0x00, 0x00, 0x00, 0x00, 0x00, 0x00, 0x00, 0x00, 0x00, 0x00, 0x00, 0x00, 0x00, 0x00, 0x00, 0x00, 0x00,
    0x06, 0x00, 0x00, 0x00, 0x00, 0x00, 0x00, 0x00, 0x00, 0x00, 0x00, 0x00, 0x00, 0x06, 0x01, 0xff, 0xff, 0xff, 0xff, 0xff,
    0xff, 0xff, 0xff, 0xff, 0xff, 0xff, 0xff, 0xf1, 0xff, 0xff, 0xff, 0xff, 0xff, 0xff, 0xff, 0xff, 0xff, 0xff, 0xff, 0xff,
    0xfd, 0xff, 0xff, 0xff, 0xff, 0xff, 0xff, 0xff, 0xff, 0xff, 0xff, 0xff, 0xff, 0xff, 0xc0, 0x00, 0x00, 0x00, 0x00, 0x00,
    0x00, 0x00, 0x00, 0x00, 0x00, 0x03, 0x81, 0xe0, 0x00, 0x00, 0x00, 0x00, 0x00, 0x00, 0x00, 0x00, 0x00, 0x00, 0x03, 0xc0,
    0xf0, 0x00, 0x00, 0x00, 0x00, 0x00, 0x00, 0x00, 0x00, 0x00, 0x00, 0x01, 0xe0, 0x78, 0x00, 0x00, 0x00, 0x00, 0x00, 0xff,
    0xc0, 0x00, 0x00, 0x00, 0x00, 0xf0, 0x3c, 0x00, 0x00, 0x00, 0x00, 0x1f, 0xff, 0xff, 0x00, 0x00, 0x00, 0x00, 0x70, 0x1e,
    0x00, 0x00, 0x00, 0x00, 0x7f, 0xff, 0xff, 0xf0, 0x00, 0x00, 0x07, 0xf0, 0x0f, 0x00, 0x00, 0x00, 0x01, 0xff, 0x00, 0x01,
    0xff, 0x00, 0x00, 0x07, 0xf8, 0x07, 0x80, 0x00, 0x00, 0x03, 0xf8, 0x00, 0x00, 0x0f, 0xe0, 0x00, 0x07, 0xfe, 0x03, 0xc0,
    0x00, 0x00, 0x07, 0xe0, 0x00, 0x00, 0x00, 0xfc, 0x00, 0x03, 0xff, 0x01, 0xe0, 0x00, 0x00, 0x07, 0xc0, 0x00, 0x00, 0x00,
    0x1f, 0x80, 0x03, 0xff, 0x80, 0xf0, 0x00, 0x00, 0x0f, 0x80, 0x00, 0x00, 0x00, 0x03, 0xe0, 0x01, 0xff, 0xe0, 0x78, 0x00,
    0x00, 0x0f, 0x00, 0x00, 0x00, 0x00, 0x00, 0x7c, 0x00, 0xff, 0xf0, 0x3c, 0x00, 0x00, 0x1f, 0x00, 0x00, 0x00, 0x00, 0x00,
    0x1f, 0x00, 0x7f, 0xf0, 0x1e, 0x00, 0x00, 0x1e, 0x00, 0x00, 0x00, 0x00, 0x00, 0x03, 0xc0, 0x1f, 0xf8, 0x0f, 0x00, 0x00,
    0x1e, 0x00, 0x00, 0x00, 0x00, 0x00, 0x00, 0xf0, 0x07, 0xf8, 0x07, 0x80, 0x00, 0x1e, 0x00, 0x00, 0x00, 0x00, 0x00, 0x00,
    0x3c, 0x03, 0xf8, 0x03, 0xc0, 0x00, 0x1e, 0x00, 0x00, 0x00, 0x00, 0x00, 0x00, 0x0f, 0x01, 0x80, 0x01, 0xe0, 0x00, 0x1e,
    0x00, 0x00, 0x00, 0x00, 0x00, 0x00, 0x03, 0xc1, 0x80, 0x00, 0xf0, 0x00, 0x1e, 0x00, 0x00, 0x00, 0x00, 0x00, 0x00, 0x00,
    0xf0, 0xc0, 0x00, 0x78, 0x00, 0x0e, 0x00, 0x00, 0x00, 0x00, 0x00, 0x00, 0x00, 0x3c, 0xc0, 0x00, 0x3c, 0x00, 0x0e, 0x00,
    0x00, 0x00, 0x00, 0x00, 0x00, 0x00, 0x0e, 0x60, 0x00, 0x1e, 0x00, 0x0e, 0x00, 0x00, 0x00, 0x00, 0x00, 0x00, 0x00, 0x03,
    0xe0, 0x00, 0x0f, 0x00, 0x07, 0x00, 0x00, 0x00, 0x00, 0x00, 0x00, 0x00, 0x00, 0xf0, 0x00, 0x07, 0x80, 0x07, 0x00, 0x00,
    0x00, 0x00, 0x00, 0x00, 0x00, 0x00, 0x70, 0x00, 0x03, 0xc0, 0x07, 0x00, 0x00, 0x00, 0x00, 0x00, 0x00, 0x00, 0x00, 0x3c,
    0x00, 0x01, 0xe0, 0x03, 0x80, 0x00, 0x00, 0x00, 0x00, 0x00, 0x00, 0x00, 0x1e, 0x00, 0x00, 0xf0, 0x03, 0x80, 0x00, 0x00,
    0x00, 0x00, 0x00, 0x00, 0x00, 0x1f, 0x80, 0x00, 0x78, 0x01, 0xc0, 0x00, 0x00, 0x00, 0x00, 0x00, 0x00, 0x00, 0x0d, 0xc0,
    0x00, 0x3c, 0x01, 0xc0, 0x00, 0x00, 0x00, 0x00, 0x00, 0x00, 0x00, 0x0e, 0x70, 0x00, 0x1e, 0x00, 0xe0, 0x00, 0x00, 0x00,
    0x00, 0x00, 0x00, 0x00, 0x06, 0x38, 0x00, 0x0f, 0x00, 0x60, 0x00, 0x00, 0x00, 0x00, 0x00, 0x00, 0x00, 0x07, 0x0e, 0x00,
    0x07, 0x80, 0x70, 0x00, 0x00, 0x00, 0x00, 0x00, 0x00, 0x00, 0x03, 0x07, 0x00, 0x03, 0xc0, 0x38, 0x00, 0x00, 0x00, 0x00,
    0x00, 0x00, 0x00, 0x03, 0x83, 0x80, 0x01, 0xe0, 0x18, 0x00, 0x40, 0x00, 0x00, 0x00, 0x00, 0x00, 0x01, 0x80, 0xe0, 0x00,
    0xf0, 0x1c, 0x00, 0x20, 0x00, 0x00, 0x00, 0x00, 0x00, 0x01, 0x80, 0x70, 0x00, 0x78, 0x0e, 0x00, 0x30, 0x00, 0x00, 0x00,
    0x00, 0x00, 0x00, 0xc0, 0x38, 0x00, 0x3c, 0x07, 0x00, 0x10, 0x00, 0x00, 0x00, 0x00, 0x00, 0x00, 0xc0, 0x0c, 0x00, 0x1e,
    0x03, 0x00, 0x08, 0x00, 0x00, 0x00, 0x00, 0x00, 0x00, 0x60, 0x06, 0x00, 0x0f, 0x01, 0x80, 0x04, 0x08, 0x00, 0x00, 0x00,
    0x00, 0x00, 0x60, 0x03, 0x80, 0x07, 0x81, 0xc0, 0x06, 0x04, 0x00, 0x07, 0xf0, 0x00, 0x00, 0x30, 0x01, 0xc0, 0x03, 0xc0,
    0xe0, 0x02, 0x06, 0x00, 0x06, 0x0c, 0x00, 0x00, 0x30, 0x00, 0xe0, 0x01, 0xe0, 0x70, 0x01, 0x02, 0x00, 0x06, 0x03, 0x00,
    0x00, 0x18, 0x00, 0x70, 0x00, 0xf0, 0x38, 0x00, 0x81, 0x02, 0x02, 0x00, 0x80, 0x00, 0x18, 0x00, 0x38, 0x00, 0x78, 0x1c,
    0x00, 0x40, 0x81, 0x01, 0x00, 0x60, 0x00, 0x1c, 0x00, 0x1c, 0x00, 0x3c, 0x0e, 0x00, 0x20, 0x40, 0x80, 0x80, 0x30, 0x00,
    0x0c, 0x00, 0x0e, 0x00, 0x1e, 0x07, 0x00, 0x10, 0x20, 0x40, 0x40, 0x18, 0x00, 0x0e, 0x00, 0x07, 0x00, 0x0f, 0x03, 0x80,
    0x08, 0x10, 0x20, 0x20, 0x08, 0x00, 0x06, 0x00, 0x03, 0x80, 0x07, 0x81, 0xc0, 0x04, 0x08, 0x18, 0x18, 0x0c, 0x00, 0x07,
    0x00, 0x01, 0xc0, 0x03, 0xc0, 0xe0, 0x02, 0x06, 0x04, 0x06, 0x0c, 0x00, 0x03, 0x00, 0x00, 0xe0, 0x01, 0xe0, 0x70, 0x01,
    0x81, 0x02, 0x01, 0xfc, 0x00, 0x03, 0x80, 0x00, 0x70, 0x00, 0xf0, 0x18, 0x00, 0x40, 0x81, 0x80, 0x38, 0x00, 0x01, 0x80,
    0x00, 0x38, 0x00, 0x78, 0x0c, 0x00, 0x20, 0x40, 0x00, 0x00, 0x00, 0x01, 0xc0, 0x00, 0x18, 0x00, 0x3c, 0x07, 0x00, 0x10,
    0x10, 0x00, 0x00, 0x00, 0x00, 0xc0, 0x00, 0x0c, 0x00, 0x1e, 0x03, 0x80, 0x0c, 0x08, 0x00, 0x00, 0x00, 0x00, 0xc0, 0x00,
    0x0e, 0x00, 0x0f, 0x01, 0xc0, 0x02, 0x06, 0x00, 0x00, 0x00, 0x00, 0x60, 0x00, 0x07, 0x00, 0x07, 0x80, 0x60, 0x01, 0x01,
    0x00, 0x00, 0x00, 0x00, 0x60, 0x00, 0x03, 0x80, 0x03, 0xc0, 0x38, 0x00, 0x40, 0x00, 0x00, 0x00, 0x00, 0x70, 0x00, 0x01,
    0x80, 0x01, 0xe0, 0x1c, 0x00, 0x20, 0x00, 0x00, 0x00, 0x00, 0xf0, 0x00, 0x01, 0xc0, 0x00, 0xf0, 0x06, 0x00, 0x08, 0x00,
    0x00, 0x00, 0x00, 0xe0, 0x00, 0x00, 0xe0, 0x00, 0x78, 0x03, 0x80, 0x06, 0x00, 0x00, 0x00, 0x03, 0xe0, 0x00, 0x00, 0xe0,
    0x00, 0x3c, 0x01, 0xc0, 0x01, 0x00, 0x00, 0x00, 0x03, 0xc0, 0x00, 0x00, 0x70, 0x00, 0x1e, 0x00, 0x70, 0x00, 0x40, 0x00,
    0x00, 0x0f, 0xe0, 0x00, 0x00, 0x30, 0x00, 0x0f, 0x00, 0x38, 0x00, 0x30, 0x00, 0x00, 0x1f, 0xe0, 0x00, 0x00, 0x38, 0x00,
    0x07, 0x80, 0x0e, 0x00, 0x0c, 0x00, 0x00, 0x1f, 0x80, 0x00, 0x00, 0x18, 0x00, 0x03, 0xc0, 0x07, 0x00, 0x00, 0x00, 0x00,
    0xff, 0xc0, 0x00, 0x00, 0x1c, 0x00, 0x01, 0xe0, 0x01, 0xc0, 0x00, 0x00, 0x00, 0xff, 0xc0, 0x00, 0x00, 0x1c, 0x00, 0x00,
    0xf0, 0x00, 0xf0, 0x00, 0x00, 0x01, 0xff, 0x80, 0x00, 0x00, 0x0e, 0x00, 0x00, 0x78, 0x00, 0x38, 0x00, 0x00, 0x01, 0xff,
    0x80, 0x00, 0x00, 0x0e, 0x00, 0x00, 0x3c, 0x00, 0x0e, 0x00, 0x00, 0x00, 0xff, 0x80, 0x00, 0x00, 0x0e, 0x00, 0x00, 0x1e,
    0x00, 0x07, 0x80, 0x00, 0x00, 0x7f, 0xc0, 0x00, 0x00, 0x0f, 0x00, 0x00, 0x0f, 0x00, 0x01, 0xe0, 0x00, 0x00, 0x1f, 0x80,
    0x00, 0x00, 0x07, 0x00, 0x00, 0x07, 0x80, 0x00, 0x78, 0x00, 0x00, 0x0f, 0x80, 0x00, 0x00, 0x07, 0x00, 0x00, 0x03, 0xc0,
    0x00, 0x1e, 0x00, 0x00, 0x01, 0x00, 0x00, 0x00, 0x07, 0x00, 0x00, 0x01, 0xe0, 0x00, 0x07, 0x80, 0x00, 0x00, 0x00, 0x00,
    0x00, 0x07, 0x00, 0x00, 0x00, 0xf0, 0x00, 0x01, 0xe0, 0x00, 0x00, 0x00, 0x00, 0x00, 0x0f, 0x00, 0x00, 0x00, 0x78, 0x00,
    0x00, 0x78, 0x00, 0x00, 0x00, 0x00, 0x00, 0x0f, 0x00, 0x00, 0x00, 0x3c, 0x00, 0x00, 0x1e, 0x00, 0x00, 0x00, 0x00, 0x00,
    0x0f, 0x00, 0x00, 0x00, 0x1e, 0x00, 0x00, 0x07, 0xc0, 0x00, 0x00, 0x00, 0x00, 0x1f, 0x00, 0x00, 0x00, 0x0f, 0x00, 0x00,
    0x00, 0xf8, 0x00, 0x00, 0x00, 0x00, 0x1e, 0x00, 0x00, 0x00, 0x07, 0x80, 0x00, 0x00, 0x3f, 0x00, 0x00, 0x00, 0x00, 0x3e,
    0x00, 0x00, 0x00, 0x03, 0xc0, 0x00, 0x00, 0x07, 0xe0, 0x00, 0x00, 0x00, 0xfc, 0x00, 0x00, 0x00, 0x01, 0xe0, 0x00, 0x00,
    0x00, 0xfc, 0x00, 0x00, 0x01, 0xf8, 0x00, 0x00, 0x00, 0x00, 0xf0, 0x00, 0x00, 0x00, 0x1f, 0xe0, 0x00, 0x0f, 0xf0, 0x00,
    0x00, 0x00, 0x00, 0x78, 0x00, 0x00, 0x00, 0x03, 0xff, 0xff, 0xff, 0xe0, 0x00, 0x00, 0x00, 0x00, 0x3c, 0x00, 0x00, 0x00,
    0x00, 0x3f, 0xff, 0xff, 0x80, 0x00, 0x00, 0x00, 0x00, 0x1e, 0x00, 0x00, 0x00, 0x00, 0x00, 0xff, 0xf8, 0x00, 0x00, 0x00,
    0x00, 0x00, 0x0f, 0x00, 0x00, 0x00, 0x00, 0x00, 0x00, 0x00, 0x00, 0x00, 0x00, 0x00, 0x00, 0x07, 0x80, 0x00, 0x00, 0x00,
    0x00, 0x00, 0x00, 0x00, 0x00, 0x00, 0x00, 0x00, 0x03, 0xc0, 0x00, 0x00, 0x00, 0x00, 0x00, 0x00, 0x00, 0x00, 0x00, 0x00,
    0x00, 0x01, 0xff, 0xff, 0xff, 0xff, 0xff, 0xff, 0xff, 0xff, 0xff, 0xff, 0xff, 0xff, 0xff, 0xdf, 0xff, 0xff, 0xff, 0xff,
    0xff, 0xff, 0xff, 0xff, 0xff, 0xff, 0xff, 0xff, 0xc7, 0xff, 0xff, 0xff, 0xff, 0xff, 0xff, 0xff, 0xff, 0xff, 0xff, 0xff,
    0xff, 0xc0, 0x00, 0x00, 0x00, 0x00, 0x00, 0x00, 0x00, 0x00, 0x00, 0x00, 0x00, 0x00, 0x00, 0x00, 0x00, 0x00, 0x00, 0x00,
    0x00, 0x00, 0x00, 0x00, 0x00, 0x00, 0x00, 0x00, 0x00, 0x00, 0x00, 0x00, 0x00, 0x00, 0x00, 0x00, 0x00, 0x00, 0x00, 0x00,
    0x00, 0x00, 0x00, 0x00, 0x00, 0x00, 0x00, 0x00, 0x00, 0x00, 0x00, 0x00, 0x00, 0x00, 0x00, 0x00, 0x00, 0x00, 0x00, 0x00,
    0x00, 0x00, 0x00, 0x00, 0x00, 0x00, 0x00, 0x00, 0x00, 0x00, 0x00, 0x00, 0x00, 0x00, 0x00, 0x00, 0x00, 0x00, 0x00, 0x00,
    0x00, 0x00, 0x00, 0x00, 0x00, 0x00, 0x00, 0x00, 0x00, 0x00, 0x00, 0x00, 0x00, 0x00, 0x00, 0x00, 0x00, 0x00, 0x00, 0x00,
    0x00, 0x00, 0x00, 0x00, 0x00, 0x00, 0x08, 0x00, 0x00, 0x00, 0x00, 0x00, 0x00, 0x00, 0x00, 0x00, 0x00, 0x00, 0x00, 0x0e,
    0x00, 0x00, 0x00, 0x00, 0x00, 0x00, 0x00, 0x00, 0x00, 0x00, 0x00, 0x00, 0x06, 0x01, 0xff, 0xff, 0xff, 0xff, 0xff, 0xff,
    0xff, 0xff, 0xff, 0xff, 0xff, 0xff, 0xf1, 0xff, 0xff, 0xff, 0xff, 0xff, 0xff, 0xff, 0xff, 0xff, 0xff, 0xff, 0xff, 0xfd,
    0xff, 0xff, 0xff, 0xff, 0xff, 0xff, 0xff, 0xff, 0xff, 0xff, 0xff, 0xff, 0xff, 0xc0, 0x00, 0x00, 0x00, 0x00, 0x00, 0x00,
    0x00, 0x00, 0x00, 0x00, 0x03, 0x81, 0xe0, 0x00, 0x00, 0x00, 0x00, 0x00, 0x00, 0x00, 0x00, 0x00, 0x00, 0x03, 0xc0, 0xf0,
    0x00, 0x00, 0x00, 0x00, 0x00, 0x00, 0x00, 0x00, 0x00, 0x00, 0x01, 0xe0, 0x78, 0x00, 0x00, 0x00, 0x00, 0x00, 0xff, 0xc0,
    0x00, 0x00, 0x00, 0x00, 0xf0, 0x3c, 0x00, 0x00, 0x00, 0x00, 0x1f, 0xff, 0xff, 0x00, 0x00, 0x00, 0x00, 0x70, 0x1e, 0x00,
    0x00, 0x00, 0x00, 0x7f, 0xff, 0xff, 0xf0, 0x00, 0x00, 0x07, 0xf0, 0x0f, 0x00, 0x00, 0x00, 0x01, 0xff, 0x00, 0x01, 0xff,
    0x00, 0x00, 0x07, 0xf8, 0x07, 0x80, 0x00, 0x00, 0x03, 0xf8, 0x00, 0x00, 0x0f, 0xe0, 0x00, 0x07, 0xfe, 0x03, 0xc0, 0x00,
    0x00, 0x07, 0xe0, 0x00, 0x00, 0x00, 0xfc, 0x00, 0x03, 0xff, 0x01, 0xe0, 0x00, 0x00, 0x07, 0xc0, 0x00, 0x00, 0x00, 0x1f,
    0x80, 0x03, 0xff, 0x80, 0xf0, 0x00, 0x00, 0x0f, 0x80, 0x00, 0x00, 0x00, 0x03, 0xe0, 0x01, 0xff, 0xe0, 0x78, 0x00, 0x00,
    0x0f, 0x00, 0x00, 0x00, 0x00, 0x00, 0x7c, 0x00, 0xff, 0xf0, 0x3c, 0x00, 0x00, 0x1f, 0x00, 0x00, 0x00, 0x00, 0x00, 0x1f,
    0x00, 0x7f, 0xf0, 0x1e, 0x00, 0x00, 0x1e, 0x00, 0x00, 0x00, 0x00, 0x00, 0x03, 0xc0, 0x1f, 0xf8, 0x0f, 0x00, 0x00, 0x1e,
    0x00, 0x00, 0x00, 0x00, 0x00, 0x00, 0xf0, 0x07, 0xf8, 0x07, 0x80, 0x00, 0x1e, 0x00, 0x00, 0x00, 0x00, 0x00, 0x00, 0x3c,
    0x03, 0xf8, 0x03, 0xc0, 0x00, 0x1e, 0x00, 0x00, 0x00, 0x00, 0x00, 0x00, 0x0f, 0x01, 0x80, 0x01, 0xe0, 0x00, 0x1e, 0x00,
    0x00, 0x00, 0x00, 0x00, 0x00, 0x03, 0xc1, 0xc0, 0x00, 0xf0, 0x00, 0x1e, 0x00, 0x00, 0x00, 0x00, 0x00, 0x00, 0x00, 0xf0,
    0xc0, 0x00, 0x78, 0x00, 0x0e, 0x00, 0x00, 0x00, 0x00, 0x00, 0x00, 0x00, 0x3c, 0xe0, 0x00, 0x3c, 0x00, 0x0e, 0x00, 0x00,
    0x00, 0x00, 0x00, 0x00, 0x00, 0x0e, 0x60, 0x00, 0x1e, 0x00, 0x0e, 0x00, 0x00, 0x00, 0x00, 0x00, 0x00, 0x00, 0x03, 0xe0,
    0x00, 0x0f, 0x00, 0x07, 0x00, 0x00, 0x00, 0x00, 0x00, 0x00, 0x00, 0x00, 0xf0, 0x00, 0x07, 0x80, 0x07, 0x00, 0x00, 0x00,
    0x00, 0x00, 0x00, 0x00, 0x00, 0x78, 0x00, 0x03, 0xc0, 0x07, 0x00, 0x00, 0x00, 0x00, 0x00, 0x00, 0x00, 0x00, 0x1c, 0x00,
    0x01, 0xe0, 0x03, 0x80, 0x00, 0x00, 0x00, 0x00, 0x00, 0x00, 0x00, 0x1e, 0x00, 0x00, 0xf0, 0x03, 0x80, 0x01, 0x00, 0x00,
    0x00, 0x00, 0x00, 0x00, 0x0f, 0x80, 0x00, 0x78, 0x01, 0xc0, 0x01, 0x00, 0x00, 0x00, 0x00, 0x00, 0x00, 0x0d, 0xc0, 0x00,
    0x3c, 0x01, 0xc0, 0x01, 0x80, 0x00, 0x00, 0x00, 0x00, 0x00, 0x06, 0x70, 0x00, 0x1e, 0x00, 0xe0, 0x01, 0x80, 0x00, 0x00,
    0x00, 0x00, 0x00, 0x06, 0x38, 0x00, 0x0f, 0x00, 0x60, 0x00, 0x80, 0x00, 0x00, 0x00, 0x00, 0x00, 0x03, 0x0e, 0x00, 0x07,
    0x80, 0x70, 0x00, 0xc0, 0x00, 0x00, 0x00, 0x00, 0x00, 0x03, 0x07, 0x00, 0x03, 0xc0, 0x38, 0x00, 0x40, 0x40, 0x00, 0x00,
    0x00, 0x00, 0x01, 0x83, 0x80, 0x01, 0xe0, 0x18, 0x00, 0x60, 0x60, 0x00, 0x00, 0x00, 0x00, 0x01, 0x80, 0xe0, 0x00, 0xf0,
    0x1c, 0x00, 0x20, 0x20, 0x00, 0x00, 0x00, 0x00, 0x00, 0xc0, 0x70, 0x00, 0x78, 0x0e, 0x00, 0x30, 0x20, 0x00, 0x00, 0x00,
    0x00, 0x00, 0xc0, 0x38, 0x00, 0x3c, 0x07, 0x00, 0x10, 0x10, 0x00, 0x00, 0x00, 0x00, 0x00, 0x60, 0x0c, 0x00, 0x1e, 0x03,
    0x00, 0x08, 0x10, 0x00, 0x00, 0x00, 0x00, 0x00, 0x60, 0x06, 0x00, 0x0f, 0x01, 0x80, 0x04, 0x08, 0x08, 0x00, 0x00, 0x00,
    0x00, 0x30, 0x03, 0x80, 0x07, 0x81, 0xc0, 0x06, 0x04, 0x08, 0x07, 0xf0, 0x00, 0x00, 0x30, 0x01, 0xc0, 0x03, 0xc0, 0xe0,
    0x02, 0x06, 0x04, 0x06, 0x0c, 0x00, 0x00, 0x18, 0x00, 0xe0, 0x01, 0xe0, 0x70, 0x01, 0x02, 0x06, 0x06, 0x03, 0x00, 0x00,
    0x18, 0x00, 0x70, 0x00, 0xf0, 0x38, 0x00, 0x81, 0x02, 0x02, 0x00, 0x80, 0x00, 0x0c, 0x00, 0x38, 0x00, 0x78, 0x1c, 0x00,
    0x40, 0x81, 0x01, 0x00, 0x60, 0x00, 0x0c, 0x00, 0x1c, 0x00, 0x3c, 0x0e, 0x00, 0x20, 0x40, 0x80, 0x80, 0x30, 0x00, 0x06,
    0x00, 0x0e, 0x00, 0x1e, 0x07, 0x00, 0x10, 0x20, 0x40, 0x40, 0x18, 0x00, 0x06, 0x00, 0x07, 0x00, 0x0f, 0x03, 0x80, 0x08,
    0x10, 0x20, 0x20, 0x08, 0x00, 0x03, 0x00, 0x03, 0x80, 0x07, 0x81, 0xc0, 0x04, 0x08, 0x00, 0x18, 0x0c, 0x00, 0x03, 0x00,
    0x01, 0xc0, 0x03, 0xc0, 0xe0, 0x02, 0x06, 0x00, 0x06, 0x0c, 0x00, 0x01, 0x80, 0x00, 0xe0, 0x01, 0xe0, 0x70, 0x01, 0x81,
    0x00, 0x01, 0xfc, 0x00, 0x01, 0x80, 0x00, 0x70, 0x00, 0xf0, 0x18, 0x00, 0x40, 0x80, 0x00, 0x38, 0x00, 0x00, 0xc0, 0x00,
    0x38, 0x00, 0x78, 0x0c, 0x00, 0x20, 0x00, 0x00, 0x00, 0x00, 0x00, 0xc0, 0x00, 0x18, 0x00, 0x3c, 0x07, 0x00, 0x10, 0x00,
    0x00, 0x00, 0x00, 0x00, 0x60, 0x00, 0x0c, 0x00, 0x1e, 0x03, 0x80, 0x0c, 0x00, 0x00, 0x00, 0x00, 0x00, 0x60, 0x00, 0x0e,
    0x00, 0x0f, 0x01, 0xc0, 0x02, 0x00, 0x00, 0x00, 0x00, 0x00, 0x30, 0x00, 0x07, 0x00, 0x07, 0x80, 0x60, 0x01, 0x00, 0x00,
    0x00, 0x00, 0x00, 0x30, 0x00, 0x03, 0x80, 0x03, 0xc0, 0x38, 0x00, 0x40, 0x00, 0x00, 0x00, 0x00, 0x38, 0x00, 0x01, 0x80,
    0x01, 0xe0, 0x1c, 0x00, 0x00, 0x00, 0x00, 0x00, 0x00, 0x38, 0x00, 0x01, 0xc0, 0x00, 0xf0, 0x06, 0x00, 0x00, 0x00, 0x00,
    0x00, 0x00, 0x78, 0x00, 0x00, 0xe0, 0x00, 0x78, 0x03, 0x80, 0x00, 0x00, 0x00, 0x00, 0x01, 0xf0, 0x00, 0x00, 0xe0, 0x00,
    0x3c, 0x01, 0xc0, 0x00, 0x00, 0x00, 0x00, 0x01, 0xf0, 0x00, 0x00, 0x70, 0x00, 0x1e, 0x00, 0x70, 0x00, 0x00, 0x00, 0x00,
    0x01, 0xf0, 0x00, 0x00, 0x30, 0x00, 0x0f, 0x00, 0x38, 0x00, 0x00, 0x00, 0x00, 0x07, 0xf0, 0x00, 0x00, 0x38, 0x00, 0x07,
    0x80, 0x0e, 0x00, 0x00, 0x00, 0x00, 0x0f, 0xc0, 0x00, 0x00, 0x18, 0x00, 0x03, 0xc0, 0x07, 0x00, 0x00, 0x00, 0x00, 0x0f,
    0xe0, 0x00, 0x00, 0x1c, 0x00, 0x01, 0xe0, 0x01, 0xc0, 0x00, 0x00, 0x00, 0x3f, 0xe0, 0x00, 0x00, 0x1c, 0x00, 0x00, 0xf0,
    0x00, 0xf0, 0x00, 0x00, 0x00, 0x7f, 0xe0, 0x00, 0x00, 0x0e, 0x00, 0x00, 0x78, 0x00, 0x38, 0x00, 0x00, 0x00, 0x7f, 0xc0,
    0x00, 0x00, 0x0e, 0x00, 0x00, 0x3c, 0x00, 0x0e, 0x00, 0x00, 0x00, 0x7f, 0xc0, 0x00, 0x00, 0x0e, 0x00, 0x00, 0x1e, 0x00,
    0x07, 0x80, 0x00, 0x00, 0x3f, 0xe0, 0x00, 0x00, 0x0f, 0x00, 0x00, 0x0f, 0x00, 0x01, 0xe0, 0x00, 0x00, 0x1f, 0xe0, 0x00,
    0x00, 0x07, 0x00, 0x00, 0x07, 0x80, 0x00, 0x78, 0x00, 0x00, 0x07, 0xe0, 0x00, 0x00, 0x07, 0x00, 0x00, 0x03, 0xc0, 0x00,
    0x1e, 0x00, 0x00, 0x01, 0xc0, 0x00, 0x00, 0x07, 0x00, 0x00, 0x01, 0xe0, 0x00, 0x07, 0x80, 0x00, 0x00, 0x00, 0x00, 0x00,
    0x07, 0x00, 0x00, 0x00, 0xf0, 0x00, 0x01, 0xe0, 0x00, 0x00, 0x00, 0x00, 0x00, 0x0f, 0x00, 0x00, 0x00, 0x78, 0x00, 0x00,
    0x78, 0x00, 0x00, 0x00, 0x00, 0x00, 0x0f, 0x00, 0x00, 0x00, 0x3c, 0x00, 0x00, 0x1e, 0x00, 0x00, 0x00, 0x00, 0x00, 0x0f,
    0x00, 0x00, 0x00, 0x1e, 0x00, 0x00, 0x07, 0xc0, 0x00, 0x00, 0x00, 0x00, 0x1f, 0x00, 0x00, 0x00, 0x0f, 0x00, 0x00, 0x00,
    0xf8, 0x00, 0x00, 0x00, 0x00, 0x1e, 0x00, 0x00, 0x00, 0x07, 0x80, 0x00, 0x00, 0x3f, 0x00, 0x00, 0x00, 0x00, 0x3e, 0x00,
    0x00, 0x00, 0x03, 0xc0, 0x00, 0x00, 0x07, 0xe0, 0x00, 0x00, 0x00, 0xfc, 0x00, 0x00, 0x00, 0x01, 0xe0, 0x00, 0x00, 0x00,
    0xfc, 0x00, 0x00, 0x01, 0xfc, 0x00, 0x00, 0x00, 0x00, 0xf0, 0x00, 0x00, 0x00, 0x1f, 0xe0, 0x00, 0x0f, 0xf0, 0x00, 0x00,
    0x00, 0x00, 0x78, 0x00, 0x00, 0x00, 0x03, 0xff, 0xff, 0xff, 0xe0, 0x00, 0x00, 0x00, 0x00, 0x3c, 0x00, 0x00, 0x00, 0x00,
    0x3f, 0xff, 0xff, 0x80, 0x00, 0x00, 0x00, 0x00, 0x1e, 0x00, 0x00, 0x00, 0x00, 0x00, 0xff, 0xf8, 0x00, 0x00, 0x00, 0x00,
    0x00, 0x0f, 0x00, 0x00, 0x00, 0x00, 0x00, 0x00, 0x00, 0x00, 0x00, 0x00, 0x00, 0x00, 0x07, 0x80, 0x00, 0x00, 0x00, 0x00,
    0x00, 0x00, 0x00, 0x00, 0x00, 0x00, 0x00, 0x03, 0xc0, 0x00, 0x00, 0x00, 0x00, 0x00, 0x00, 0x00, 0x00, 0x00, 0x00, 0x00,
    0x01, 0xff, 0xff, 0xff, 0xff, 0xff, 0xff, 0xff, 0xff, 0xff, 0xff, 0xff, 0xff, 0xff, 0xdf, 0xff, 0xff, 0xff, 0xff, 0xff,
    0xff, 0xff, 0xff, 0xff, 0xff, 0xff, 0xff, 0xc7, 0xff, 0xff, 0xff, 0xff, 0xff, 0xff, 0xff, 0xff, 0xff, 0xff, 0xff, 0xff,
    0xc0, 0x00, 0x00, 0x00, 0x00, 0x00, 0x00, 0x00, 0x00, 0x00, 0x00, 0x00, 0x00, 0x00, 0x00, 0x00, 0x00, 0x00, 0x00, 0x00,
    0x00, 0x00, 0x00, 0x00, 0x00, 0x00, 0x00, 0x00, 0x00, 0x00, 0x00, 0x00, 0x00, 0x00, 0x00, 0x00, 0x00, 0x00, 0x00, 0x00,
    0x00, 0x00, 0x00, 0x00, 0x00, 0x00, 0x00, 0x00, 0x00, 0x00, 0x00, 0x00, 0x00, 0x00, 0x00, 0x00, 0x00, 0x00, 0x00, 0x00,
    0x00, 0x00, 0x00, 0x00, 0x00, 0x00, 0x00, 0x00, 0x00, 0x00, 0x00, 0x00, 0x00, 0x00, 0x00, 0x00, 0x00, 0x00, 0x00, 0x00,
    0x00, 0x00, 0x00, 0x00, 0x00, 0x00, 0x00, 0x00, 0x00, 0x00, 0x00, 0x00, 0x00, 0x00, 0x00, 0x00, 0x00, 0x00, 0x00, 0x00,
    0x00, 0x00, 0x00, 0x00, 0x00, 0x08, 0x00, 0x00, 0x00, 0x00, 0x00, 0x00, 0x00, 0x00, 0x00, 0x00, 0x00, 0x00, 0x0c, 0x00,
    0x00, 0x00, 0x00, 0x00, 0x00, 0x00, 0x00, 0x00, 0x00, 0x00, 0x00, 0x06, 0x01, 0xff, 0xff, 0xff, 0xff, 0xff, 0xff, 0xff,
    0xff, 0xff, 0xff, 0xff, 0xff, 0xf1, 0xff, 0xff, 0xff, 0xff, 0xff, 0xff, 0xff, 0xff, 0xff, 0xff, 0xff, 0xff, 0xfd, 0xff,
    0xff, 0xff, 0xff, 0xff, 0xff, 0xff, 0xff, 0xff, 0xff, 0xff, 0xff, 0xff, 0xc0, 0x00, 0x00, 0x00, 0x00, 0x00, 0x00, 0x00,
    0x00, 0x00, 0x00, 0x03, 0x81, 0xe0, 0x00, 0x00, 0x00, 0x00, 0x00, 0x00, 0x00, 0x00, 0x00, 0x00, 0x03, 0xc0, 0xf0, 0x00,
    0x00, 0x00, 0x00, 0x00, 0x00, 0x00, 0x00, 0x00, 0x00, 0x03, 0xe0, 0x78, 0x00, 0x00, 0x00, 0x00, 0x00, 0xff, 0xc0, 0x00,
    0x00, 0x00, 0x01, 0xe0, 0x3c, 0x00, 0x00, 0x00, 0x00, 0x1f, 0xff, 0xff, 0x00, 0x00, 0x00, 0x00, 0x70, 0x1e, 0x00, 0x00,
    0x00, 0x00, 0x7f, 0xff, 0xff, 0xf0, 0x00, 0x00, 0x07, 0xf0, 0x0f, 0x00, 0x00, 0x00, 0x01, 0xff, 0x00, 0x01, 0xff, 0x00,
    0x00, 0x07, 0xf8, 0x07, 0x80, 0x00, 0x00, 0x03, 0xf8, 0x00, 0x00, 0x0f, 0xe0, 0x00, 0x07, 0xfe, 0x03, 0xc0, 0x00, 0x00,
    0x07, 0xe0, 0x00, 0x00, 0x00, 0xfc, 0x00, 0x03, 0xff, 0x01, 0xe0, 0x00, 0x00, 0x07, 0xc0, 0x00, 0x00, 0x00, 0x1f, 0x80,
    0x03, 0xff, 0x80, 0xf0, 0x00, 0x00, 0x0f, 0x80, 0x00, 0x00, 0x00, 0x03, 0xe0, 0x01, 0xff, 0xe0, 0x78, 0x00, 0x00, 0x0f,
    0x00, 0x00, 0x00, 0x00, 0x00, 0x7c, 0x00, 0xff, 0xf0, 0x3c, 0x00, 0x00, 0x1f, 0x00, 0x00, 0x00, 0x00, 0x00, 0x1f, 0x00,
    0x7f, 0xf0, 0x1e, 0x00, 0x00, 0x1e, 0x00, 0x00, 0x00, 0x00, 0x00, 0x03, 0xc0, 0x1f, 0xf8, 0x0f, 0x00, 0x00, 0x1e, 0x00,
    0x00, 0x00, 0x00, 0x00, 0x00, 0xf0, 0x07, 0xf8, 0x07, 0x80, 0x00, 0x1e, 0x00, 0x00, 0x00, 0x00, 0x00, 0x00, 0x3c, 0x03,
    0xf8, 0x03, 0xc0, 0x00, 0x1e, 0x00, 0x00, 0x00, 0x00, 0x00, 0x00, 0x0f, 0x01, 0x80, 0x01, 0xe0, 0x00, 0x1e, 0x00, 0x00,
    0x00, 0x00, 0x00, 0x00, 0x03, 0xc1, 0xc0, 0x00, 0xf0, 0x00, 0x1e, 0x00, 0x00, 0x00, 0x00, 0x00, 0x00, 0x00, 0xf0, 0xc0,
    0x00, 0x78, 0x00, 0x0e, 0x00, 0x00, 0x00, 0x00, 0x00, 0x00, 0x00, 0x3c, 0xe0, 0x00, 0x3c, 0x00, 0x0e, 0x00, 0x00, 0x00,
    0x00, 0x00, 0x00, 0x00, 0x0e, 0x60, 0x00, 0x1e, 0x00, 0x0e, 0x00, 0x01, 0x80, 0x00, 0x00, 0x00, 0x00, 0x03, 0xf0, 0x00,
    0x0f, 0x00, 0x07, 0x00, 0x01, 0x80, 0x00, 0x00, 0x00, 0x00, 0x00, 0xf0, 0x00, 0x07, 0x80, 0x07, 0x00, 0x01, 0x80, 0x00,
    0x00, 0x00, 0x00, 0x00, 0x78, 0x00, 0x03, 0xc0, 0x07, 0x00, 0x01, 0x00, 0x00, 0x00, 0x00, 0x00, 0x00, 0x1c, 0x00, 0x01,
    0xe0, 0x03, 0x80, 0x01, 0x00, 0x00, 0x00, 0x00, 0x00, 0x00, 0x0e, 0x00, 0x00, 0xf0, 0x03, 0x80, 0x01, 0x00, 0x00, 0x00,
    0x00, 0x00, 0x00, 0x0f, 0x80, 0x00, 0x78, 0x01, 0xc0, 0x01, 0x00, 0x00, 0x00, 0x00, 0x00, 0x00, 0x07, 0xc0, 0x00, 0x3c,
    0x01, 0xc0, 0x01, 0x80, 0x40, 0x00, 0x00, 0x00, 0x00, 0x06, 0x70, 0x00, 0x1e, 0x00, 0xe0, 0x01, 0x80, 0x40, 0x00, 0x00,
    0x00, 0x00, 0x03, 0x38, 0x00, 0x0f, 0x00, 0x60, 0x00, 0x80, 0x40, 0x00, 0x00, 0x00, 0x00, 0x03, 0x0e, 0x00, 0x07, 0x80,
    0x70, 0x00, 0xc0, 0x40, 0x00, 0x00, 0x00, 0x00, 0x01, 0x87, 0x00, 0x03, 0xc0, 0x38, 0x00, 0x40, 0x40, 0x00, 0x00, 0x00,
    0x00, 0x01, 0x83, 0x80, 0x01, 0xe0, 0x18, 0x00, 0x60, 0x60, 0x00, 0x00, 0x00, 0x00, 0x00, 0xc0, 0xe0, 0x00, 0xf0, 0x1c,
    0x00, 0x20, 0x20, 0x00, 0x00, 0x00, 0x00, 0x00, 0xc0, 0x70, 0x00, 0x78, 0x0e, 0x00, 0x30, 0x20, 0x10, 0x00, 0x00, 0x00,
    0x00, 0x60, 0x38, 0x00, 0x3c, 0x07, 0x00, 0x10, 0x10, 0x10, 0x00, 0x00, 0x00, 0x00, 0x60, 0x0c, 0x00, 0x1e, 0x03, 0x00,
    0x08, 0x10, 0x10, 0x00, 0x00, 0x00, 0x00, 0x30, 0x06, 0x00, 0x0f, 0x01, 0x80, 0x04, 0x08, 0x08, 0x00, 0x00, 0x00, 0x00,
    0x30, 0x03, 0x80, 0x07, 0x81, 0xc0, 0x06, 0x04, 0x08, 0x07, 0xf0, 0x00, 0x00, 0x18, 0x01, 0xc0, 0x03, 0xc0, 0xe0, 0x02,
    0x06, 0x04, 0x06, 0x0c, 0x00, 0x00, 0x18, 0x00, 0xe0, 0x01, 0xe0, 0x70, 0x01, 0x02, 0x06, 0x06, 0x03, 0x00, 0x00, 0x0c,
    0x00, 0x70, 0x00, 0xf0, 0x38, 0x00, 0x81, 0x02, 0x02, 0x00, 0x80, 0x00, 0x0c, 0x00, 0x38, 0x00, 0x78, 0x1c, 0x00, 0x40,
    0x80, 0x01, 0x00, 0x60, 0x00, 0x06, 0x00, 0x1c, 0x00, 0x3c, 0x0e, 0x00, 0x20, 0x40, 0x00, 0x80, 0x30, 0x00, 0x06, 0x00,
    0x0e, 0x00, 0x1e, 0x07, 0x00, 0x10, 0x00, 0x00, 0x40, 0x18, 0x00, 0x03, 0x00, 0x07, 0x00, 0x0f, 0x03, 0x80, 0x08, 0x00,
    0x00, 0x20, 0x08, 0x00, 0x03, 0x00, 0x03, 0x80, 0x07, 0x81, 0xc0, 0x04, 0x00, 0x00, 0x18, 0x0c, 0x00, 0x01, 0x80, 0x01,
    0xc0, 0x03, 0xc0, 0xe0, 0x02, 0x00, 0x00, 0x06, 0x0c, 0x00, 0x01, 0x80, 0x00, 0xe0, 0x01, 0xe0, 0x70, 0x00, 0x00, 0x00,
    0x01, 0xfc, 0x00, 0x00, 0xc0, 0x00, 0x70, 0x00, 0xf0, 0x18, 0x00, 0x00, 0x00, 0x00, 0x38, 0x00, 0x00, 0xc0, 0x00, 0x38,
    0x00, 0x78, 0x0c, 0x00, 0x00, 0x00, 0x00, 0x00, 0x00, 0x00, 0x60, 0x00, 0x18, 0x00, 0x3c, 0x07, 0x00, 0x00, 0x00, 0x00,
    0x00, 0x00, 0x00, 0x70, 0x00, 0x0c, 0x00, 0x1e, 0x03, 0x80, 0x00, 0x00, 0x00, 0x00, 0x00, 0x00, 0x30, 0x00, 0x0e, 0x00,
    0x0f, 0x01, 0xc0, 0x00, 0x00, 0x00, 0x00, 0x00, 0x00, 0x38, 0x00, 0x07, 0x00, 0x07, 0x80, 0x60, 0x00, 0x00, 0x00, 0x00,
    0x00, 0x00, 0x18, 0x00, 0x03, 0x80, 0x03, 0xc0, 0x38, 0x00, 0x00, 0x00, 0x00, 0x00, 0x00, 0x1c, 0x00, 0x01, 0x80, 0x01,
    0xe0, 0x1c, 0x00, 0x00, 0x00, 0x00, 0x00, 0x00, 0x1c, 0x00, 0x01, 0xc0, 0x00, 0xf0, 0x06, 0x00, 0x00, 0x00, 0x00, 0x00,
    0x00, 0x3c, 0x00, 0x00, 0xe0, 0x00, 0x78, 0x03, 0x80, 0x00, 0x00, 0x00, 0x00, 0x00, 0x38, 0x00, 0x00, 0xe0, 0x00, 0x3c,
    0x01, 0xc0, 0x00, 0x00, 0x00, 0x00, 0x00, 0xf8, 0x00, 0x00, 0x70, 0x00, 0x1e, 0x00, 0x70, 0x00, 0x00, 0x00, 0x00, 0x00,
    0xf8, 0x00, 0x00, 0x30, 0x00, 0x0f, 0x00, 0x38, 0x00, 0x00, 0x00, 0x00, 0x03, 0xf8, 0x00, 0x00, 0x38, 0x00, 0x07, 0x80,
    0x0e, 0x00, 0x00, 0x00, 0x00, 0x03, 0xf8, 0x00, 0x00, 0x18, 0x00, 0x03, 0xc0, 0x07, 0x00, 0x00, 0x00, 0x00, 0x03, 0xf0,
    0x00, 0x00, 0x1c, 0x00, 0x01, 0xe0, 0x01, 0xc0, 0x00, 0x00, 0x00, 0x17, 0xf0, 0x00, 0x00, 0x1c, 0x00, 0x00, 0xf0, 0x00,
    0xf0, 0x00, 0x00, 0x00, 0x1f, 0xf0, 0x00, 0x00, 0x0e, 0x00, 0x00, 0x78, 0x00, 0x38, 0x00, 0x00, 0x00, 0x3f, 0xf0, 0x00,
    0x00, 0x0e, 0x00, 0x00, 0x3c, 0x00, 0x0e, 0x00, 0x00, 0x00, 0x3f, 0xe0, 0x00, 0x00, 0x0e, 0x00, 0x00, 0x1e, 0x00, 0x07,
    0x80, 0x00, 0x00, 0x1f, 0xe0, 0x00, 0x00, 0x0f, 0x00, 0x00, 0x0f, 0x00, 0x01, 0xe0, 0x00, 0x00, 0x0f, 0xf0, 0x00, 0x00,
    0x07, 0x00, 0x00, 0x07, 0x80, 0x00, 0x78, 0x00, 0x00, 0x07, 0xf0, 0x00, 0x00, 0x07, 0x00, 0x00, 0x03, 0xc0, 0x00, 0x1e,
    0x00, 0x00, 0x01, 0xf0, 0x00, 0x00, 0x07, 0x00, 0x00, 0x01, 0xe0, 0x00, 0x07, 0x80, 0x00, 0x00, 0x60, 0x00, 0x00, 0x07,
    0x00, 0x00, 0x00, 0xf0, 0x00, 0x01, 0xe0, 0x00, 0x00, 0x00, 0x00, 0x00, 0x0f, 0x00, 0x00, 0x00, 0x78, 0x00, 0x00, 0x78,
    0x00, 0x00, 0x00, 0x00, 0x00, 0x0f, 0x00, 0x00, 0x00, 0x3c, 0x00, 0x00, 0x1e, 0x00, 0x00, 0x00, 0x00, 0x00, 0x0f, 0x00,
    0x00, 0x00, 0x1e, 0x00, 0x00, 0x07, 0xc0, 0x00, 0x00, 0x00, 0x00, 0x1f, 0x00, 0x00, 0x00, 0x0f, 0x00, 0x00, 0x00, 0xf8,
    0x00, 0x00, 0x00, 0x00, 0x1e, 0x00, 0x00, 0x00, 0x07, 0x80, 0x00, 0x00, 0x3f, 0x00, 0x00, 0x00, 0x00, 0x3e, 0x00, 0x00,
    0x00, 0x03, 0xc0, 0x00, 0x00, 0x07, 0xe0, 0x00, 0x00, 0x00, 0xfc, 0x00, 0x00, 0x00, 0x01, 0xe0, 0x00, 0x00, 0x00, 0xfc,
    0x00, 0x00, 0x01, 0xfc, 0x00, 0x00, 0x00, 0x00, 0xf0, 0x00, 0x00, 0x00, 0x1f, 0xe0, 0x00, 0x0f, 0xf0, 0x00, 0x00, 0x00,
    0x00, 0x78, 0x00, 0x00, 0x00, 0x03, 0xff, 0xff, 0xff, 0xe0, 0x00, 0x00, 0x00, 0x00, 0x3c, 0x00, 0x00, 0x00, 0x00, 0x3f,
    0xff, 0xff, 0x80, 0x00, 0x00, 0x00, 0x00, 0x1e, 0x00, 0x00, 0x00, 0x00, 0x00, 0xff, 0xf8, 0x00, 0x00, 0x00, 0x00, 0x00,
    0x0f, 0x00, 0x00, 0x00, 0x00, 0x00, 0x00, 0x00, 0x00, 0x00, 0x00, 0x00, 0x00, 0x07, 0x80, 0x00, 0x00, 0x00, 0x00, 0x00,
    0x00, 0x00, 0x00, 0x00, 0x00, 0x00, 0x03, 0xc0, 0x00, 0x00, 0x00, 0x00, 0x00, 0x00, 0x00, 0x00, 0x00, 0x00, 0x00, 0x01,
    0xff, 0xff, 0xff, 0xff, 0xff, 0xff, 0xff, 0xff, 0xff, 0xff, 0xff, 0xff, 0xff, 0xdf, 0xff, 0xff, 0xff, 0xff, 0xff, 0xff,
    0xff, 0xff, 0xff, 0xff, 0xff, 0xff, 0xc7, 0xff, 0xff, 0xff, 0xff, 0xff, 0xff, 0xff, 0xff, 0xff, 0xff, 0xff, 0xff, 0xc0,
    0x00, 0x00, 0x00, 0x00, 0x00, 0x00, 0x00, 0x00, 0x00, 0x00, 0x00, 0x00, 0x00, 0x00, 0x00, 0x00, 0x00, 0x00, 0x00, 0x00,
    0x00, 0x00, 0x00, 0x00, 0x00, 0x00, 0x00, 0x00, 0x00, 0x00, 0x00, 0x00, 0x00, 0x00, 0x00, 0x00, 0x00, 0x00, 0x00, 0x00,
    0x00, 0x00, 0x00, 0x00, 0x00, 0x00, 0x00, 0x00, 0x00, 0x00, 0x00, 0x00, 0x00, 0x00, 0x00, 0x00, 0x00, 0x00, 0x00, 0x00,
    0x00, 0x00, 0x00, 0x00, 0x00, 0x00, 0x00, 0x00, 0x00, 0x00, 0x00, 0x00, 0x00, 0x00, 0x00, 0x00, 0x00, 0x00, 0x00, 0x00,
    0x00, 0x00, 0x00, 0x00, 0x00, 0x00, 0x00, 0x00, 0x00, 0x00, 0x00, 0x00, 0x00, 0x00, 0x00, 0x00, 0x00, 0x00, 0x00, 0x00,
    0x00, 0x00, 0x00, 0x00, 0x08, 0x00, 0x00, 0x00, 0x00, 0x00, 0x00, 0x00, 0x00, 0x00, 0x00, 0x00, 0x00, 0x0c, 0x00, 0x00,
    0x00, 0x00, 0x00, 0x00, 0x00, 0x00, 0x00, 0x00, 0x00, 0x00, 0x0e, 0x01, 0xff, 0xff, 0xff, 0xff, 0xff, 0xff, 0xff, 0xff,
    0xff, 0xff, 0xff, 0xff, 0xf1, 0xff, 0xff, 0xff, 0xff, 0xff, 0xff, 0xff, 0xff, 0xff, 0xff, 0xff, 0xff, 0xfd, 0xff, 0xff,
    0xff, 0xff, 0xff, 0xff, 0xff, 0xff, 0xff, 0xff, 0xff, 0xff, 0xff, 0xc0, 0x00, 0x00, 0x00, 0x00, 0x00, 0x00, 0x00, 0x00,
    0x00, 0x00, 0x07, 0x81, 0xe0, 0x00, 0x00, 0x00, 0x00, 0x00, 0x00, 0x00, 0x00, 0x00, 0x00, 0x03, 0xc0, 0xf0, 0x00, 0x00,
    0x00, 0x00, 0x00, 0x00, 0x00, 0x00, 0x00, 0x00, 0x03, 0xe0, 0x78, 0x00, 0x00, 0x00, 0x00, 0x00, 0xff, 0xc0, 0x00, 0x00,
    0x00, 0x01, 0xe0, 0x3c, 0x00, 0x00, 0x00, 0x00, 0x1f, 0xff, 0xff, 0x00, 0x00, 0x00, 0x00, 0x70, 0x1e, 0x00, 0x00, 0x00,
    0x00, 0x7f, 0xff, 0xff, 0xf0, 0x00, 0x00, 0x07, 0xe0, 0x0f, 0x00, 0x00, 0x00, 0x01, 0xff, 0x00, 0x01, 0xff, 0x00, 0x00,
    0x07, 0xf8, 0x07, 0x80, 0x00, 0x00, 0x03, 0xf8, 0x00, 0x00, 0x0f, 0xe0, 0x00, 0x07, 0xfe, 0x03, 0xc0, 0x00, 0x00, 0x07,
    0xe0, 0x00, 0x00, 0x00, 0xfc, 0x00, 0x03, 0xff, 0x01, 0xe0, 0x00, 0x00, 0x07, 0xc0, 0x00, 0x00, 0x00, 0x1f, 0x80, 0x03,
    0xff, 0x80, 0xf0, 0x00, 0x00, 0x0f, 0x80, 0x00, 0x00, 0x00, 0x03, 0xe0, 0x01, 0xff, 0xe0, 0x78, 0x00, 0x00, 0x0f, 0x00,
    0x00, 0x00, 0x00, 0x00, 0x7c, 0x00, 0xff, 0xf0, 0x3c, 0x00, 0x00, 0x1f, 0x00, 0x00, 0x00, 0x00, 0x00, 0x1f, 0x00, 0x7f,
    0xf0, 0x1e, 0x00, 0x00, 0x1e, 0x00, 0x00, 0x00, 0x00, 0x00, 0x03, 0xc0, 0x1f, 0xf8, 0x0f, 0x00, 0x00, 0x1e, 0x00, 0x00,
    0x00, 0x00, 0x00, 0x00, 0xf0, 0x07, 0xf8, 0x07, 0x80, 0x00, 0x1e, 0x00, 0x00, 0x00, 0x00, 0x00, 0x00, 0x3c, 0x03, 0xf8,
    0x03, 0xc0, 0x00, 0x1e, 0x00, 0x00, 0x00, 0x00, 0x00, 0x00, 0x0f, 0x01, 0x80, 0x01, 0xe0, 0x00, 0x1e, 0x00, 0x00, 0x00,
    0x00, 0x00, 0x00, 0x03, 0xc0, 0xc0, 0x00, 0xf0, 0x00, 0x1e, 0x00, 0x00, 0x3c, 0x00, 0x00, 0x00, 0x00, 0xf0, 0xc0, 0x00,
    0x78, 0x00, 0x0e, 0x00, 0x00, 0x70, 0x00, 0x00, 0x00, 0x00, 0x3c, 0x60, 0x00, 0x3c, 0x00, 0x0e, 0x00, 0x00, 0xe0, 0x00,
    0x00, 0x00, 0x00, 0x0e, 0x60, 0x00, 0x1e, 0x00, 0x0e, 0x00, 0x01, 0xc0, 0x00, 0x00, 0x00, 0x00, 0x03, 0xf0, 0x00, 0x0f,
    0x00, 0x07, 0x00, 0x01, 0x80, 0x00, 0x00, 0x00, 0x00, 0x00, 0xf0, 0x00, 0x07, 0x80, 0x07, 0x00, 0x01, 0x80, 0x00, 0x00,
    0x00, 0x00, 0x00, 0x78, 0x00, 0x03, 0xc0, 0x07, 0x00, 0x01, 0x00, 0x00, 0x00, 0x00, 0x00, 0x00, 0x1c, 0x00, 0x01, 0xe0,
    0x03, 0x80, 0x01, 0x00, 0x18, 0x00, 0x00, 0x00, 0x00, 0x0e, 0x00, 0x00, 0xf0, 0x03, 0x80, 0x01, 0x00, 0x38, 0x00, 0x00,
    0x00, 0x00, 0x0f, 0x80, 0x00, 0x78, 0x01, 0xc0, 0x01, 0x00, 0x60, 0x00, 0x00, 0x00, 0x00, 0x07, 0xc0, 0x00, 0x3c, 0x01,
    0xc0, 0x01, 0x80, 0x60, 0x00, 0x00, 0x00, 0x00, 0x07, 0x70, 0x00, 0x1e, 0x00, 0xe0, 0x01, 0x80, 0x40, 0x00, 0x00, 0x00,
    0x00, 0x03, 0x38, 0x00, 0x0f, 0x00, 0x60, 0x00, 0x80, 0x40, 0x00, 0x00, 0x00, 0x00, 0x03, 0x8e, 0x00, 0x07, 0x80, 0x70,
    0x00, 0xc0, 0x40, 0x00, 0x00, 0x00, 0x00, 0x01, 0x87, 0x00, 0x03, 0xc0, 0x38, 0x00, 0x40, 0x40, 0x00, 0x00, 0x00, 0x00,
    0x00, 0xc3, 0x80, 0x01, 0xe0, 0x18, 0x00, 0x60, 0x60, 0x18, 0x00, 0x00, 0x00, 0x00, 0xc0, 0xe0, 0x00, 0xf0, 0x1c, 0x00,
    0x20, 0x20, 0x10, 0x00, 0x00, 0x00, 0x00, 0x60, 0x70, 0x00, 0x78, 0x0e, 0x00, 0x30, 0x20, 0x10, 0x00, 0x00, 0x00, 0x00,
    0x60, 0x38, 0x00, 0x3c, 0x07, 0x00, 0x10, 0x10, 0x10, 0x00, 0x00, 0x00, 0x00, 0x30, 0x0c, 0x00, 0x1e, 0x03, 0x00, 0x08,
    0x10, 0x10, 0x00, 0x00, 0x00, 0x00, 0x30, 0x06, 0x00, 0x0f, 0x01, 0x80, 0x04, 0x00, 0x08, 0x00, 0x00, 0x00, 0x00, 0x18,
    0x03, 0x80, 0x07, 0x81, 0xc0, 0x06, 0x00, 0x00, 0x07, 0xf0, 0x00, 0x00, 0x18, 0x01, 0xc0, 0x03, 0xc0, 0xe0, 0x00, 0x00,
    0x00, 0x06, 0x0c, 0x00, 0x00, 0x0c, 0x00, 0xe0, 0x01, 0xe0, 0x70, 0x00, 0x00, 0x00, 0x06, 0x03, 0x00, 0x00, 0x0c, 0x00,
    0x70, 0x00, 0xf0, 0x38, 0x00, 0x00, 0x00, 0x02, 0x00, 0x80, 0x00, 0x06, 0x00, 0x38, 0x00, 0x78, 0x1c, 0x00, 0x00, 0x00,
    0x01, 0x00, 0x60, 0x00, 0x07, 0x00, 0x1c, 0x00, 0x3c, 0x0e, 0x00, 0x00, 0x00, 0x00, 0x80, 0x30, 0x00, 0x03, 0x00, 0x0e,
    0x00, 0x1e, 0x07, 0x00, 0x00, 0x00, 0x00, 0x40, 0x18, 0x00, 0x03, 0x80, 0x07, 0x00, 0x0f, 0x03, 0x80, 0x00, 0x00, 0x00,
    0x20, 0x08, 0x00, 0x01, 0x80, 0x03, 0x80, 0x07, 0x81, 0xc0, 0x00, 0x00, 0x00, 0x18, 0x0c, 0x00, 0x01, 0xc0, 0x01, 0xc0,
    0x03, 0xc0, 0xe0, 0x00, 0x00, 0x00, 0x06, 0x0c, 0x00, 0x00, 0xc0, 0x00, 0xe0, 0x01, 0xe0, 0x70, 0x00, 0x00, 0x00, 0x01,
    0xfc, 0x00, 0x00, 0x60, 0x00, 0x70, 0x00, 0xf0, 0x18, 0x00, 0x00, 0x00, 0x00, 0x38, 0x00, 0x00, 0x60, 0x00, 0x38, 0x00,
    0x78, 0x0c, 0x00, 0x00, 0x00, 0x00, 0x00, 0x00, 0x00, 0x30, 0x00, 0x18, 0x00, 0x3c, 0x07, 0x00, 0x00, 0x00, 0x00, 0x00,
    0x00, 0x00, 0x30, 0x00, 0x0c, 0x00, 0x1e, 0x03, 0x80, 0x00, 0x00, 0x00, 0x00, 0x00, 0x00, 0x18, 0x00, 0x0e, 0x00, 0x0f,
    0x01, 0xc0, 0x00, 0x00, 0x00, 0x00, 0x00, 0x00, 0x18, 0x00, 0x07, 0x00, 0x07, 0x80, 0x60, 0x00, 0x00, 0x00, 0x00, 0x00,
    0x00, 0x0c, 0x00, 0x03, 0x80, 0x03, 0xc0, 0x38, 0x00, 0x00, 0x00, 0x00, 0x00, 0x00, 0x0c, 0x00, 0x01, 0x80, 0x01, 0xe0,
    0x1c, 0x00, 0x00, 0x00, 0x00, 0x00, 0x00, 0x0e, 0x00, 0x01, 0xc0, 0x00, 0xf0, 0x06, 0x00, 0x00, 0x00, 0x00, 0x00, 0x00,
    0x0e, 0x00, 0x00, 0xe0, 0x00, 0x78, 0x03, 0x80, 0x00, 0x00, 0x00, 0x00, 0x00, 0x1e, 0x00, 0x00, 0xe0, 0x00, 0x3c, 0x01,
    0xc0, 0x00, 0x00, 0x00, 0x00, 0x00, 0x7c, 0x00, 0x00, 0x70, 0x00, 0x1e, 0x00, 0x70, 0x00, 0x00, 0x00, 0x00, 0x00, 0x7c,
    0x00, 0x00, 0x30, 0x00, 0x0f, 0x00, 0x38, 0x00, 0x00, 0x00, 0x00, 0x00, 0x3c, 0x00, 0x00, 0x38, 0x00, 0x07, 0x80, 0x0e,
    0x00, 0x00, 0x00, 0x00, 0x00, 0xfc, 0x00, 0x00, 0x18, 0x00, 0x03, 0xc0, 0x07, 0x00, 0x00, 0x00, 0x00, 0x01, 0xf8, 0x00,
    0x00, 0x1c, 0x00, 0x01, 0xe0, 0x01, 0xc0, 0x00, 0x00, 0x00, 0x01, 0xf8, 0x00, 0x00, 0x1c, 0x00, 0x00, 0xf0, 0x00, 0xf0,
    0x00, 0x00, 0x00, 0x0f, 0xfc, 0x00, 0x00, 0x0e, 0x00, 0x00, 0x78, 0x00, 0x38, 0x00, 0x00, 0x00, 0x0f, 0xf8, 0x00, 0x00,
    0x0e, 0x00, 0x00, 0x3c, 0x00, 0x0e, 0x00, 0x00, 0x00, 0x0f, 0xf8, 0x00, 0x00, 0x0e, 0x00, 0x00, 0x1e, 0x00, 0x07, 0x80,
    0x00, 0x00, 0x0f, 0xf8, 0x00, 0x00, 0x0f, 0x00, 0x00, 0x0f, 0x00, 0x01, 0xe0, 0x00, 0x00, 0x07, 0xf8, 0x00, 0x00, 0x07,
    0x00, 0x00, 0x07, 0x80, 0x00, 0x78, 0x00, 0x00, 0x03, 0xfc, 0x00, 0x00, 0x07, 0x00, 0x00, 0x03, 0xc0, 0x00, 0x1e, 0x00,
    0x00, 0x01, 0xfc, 0x00, 0x00, 0x07, 0x00, 0x00, 0x01, 0xe0, 0x00, 0x07, 0x80, 0x00, 0x00, 0x78, 0x00, 0x00, 0x07, 0x00,
    0x00, 0x00, 0xf0, 0x00, 0x01, 0xe0, 0x00, 0x00, 0x08, 0x00, 0x00, 0x0f, 0x00, 0x00, 0x00, 0x78, 0x00, 0x00, 0x78, 0x00,
    0x00, 0x00, 0x00, 0x00, 0x0f, 0x00, 0x00, 0x00, 0x3c, 0x00, 0x00, 0x1e, 0x00, 0x00, 0x00, 0x00, 0x00, 0x0f, 0x00, 0x00,
    0x00, 0x1e, 0x00, 0x00, 0x07, 0xc0, 0x00, 0x00, 0x00, 0x00, 0x1f, 0x00, 0x00, 0x00, 0x0f, 0x00, 0x00, 0x00, 0xf8, 0x00,
    0x00, 0x00, 0x00, 0x1e, 0x00, 0x00, 0x00, 0x07, 0x80, 0x00, 0x00, 0x3f, 0x00, 0x00, 0x00, 0x00, 0x3e, 0x00, 0x00, 0x00,
    0x03, 0xc0, 0x00, 0x00, 0x07, 0xe0, 0x00, 0x00, 0x00, 0xfc, 0x00, 0x00, 0x00, 0x01, 0xe0, 0x00, 0x00, 0x00, 0xfc, 0x00,
    0x00, 0x01, 0xfc, 0x00, 0x00, 0x00, 0x00, 0xf0, 0x00, 0x00, 0x00, 0x1f, 0xe0, 0x00, 0x0f, 0xf0, 0x00, 0x00, 0x00, 0x00,
    0x78, 0x00, 0x00, 0x00, 0x03, 0xff, 0xff, 0xff, 0xe0, 0x00, 0x00, 0x00, 0x00, 0x3c, 0x00, 0x00, 0x00, 0x00, 0x3f, 0xff,
    0xff, 0x80, 0x00, 0x00, 0x00, 0x00, 0x1e, 0x00, 0x00, 0x00, 0x00, 0x00, 0xff, 0xf8, 0x00, 0x00, 0x00, 0x00, 0x00, 0x0f,
    0x00, 0x00, 0x00, 0x00, 0x00, 0x00, 0x00, 0x00, 0x00, 0x00, 0x00, 0x00, 0x07, 0x80, 0x00, 0x00, 0x00, 0x00, 0x00, 0x00,
    0x00, 0x00, 0x00, 0x00, 0x00, 0x03, 0xc0, 0x00, 0x00, 0x00, 0x00, 0x00, 0x00, 0x00, 0x00, 0x00, 0x00, 0x00, 0x01, 0xff,
    0xff, 0xff, 0xff, 0xff, 0xff, 0xff, 0xff, 0xff, 0xff, 0xff, 0xff, 0xff, 0xdf, 0xff, 0xff, 0xff, 0xff, 0xff, 0xff, 0xff,
    0xff, 0xff, 0xff, 0xff, 0xff, 0xc7, 0xff, 0xff, 0xff, 0xff, 0xff, 0xff, 0xff, 0xff, 0xff, 0xff, 0xff, 0xff, 0xc0, 0x00,
    0x00, 0x00, 0x00, 0x00, 0x00, 0x00, 0x00, 0x00, 0x00, 0x00, 0x00, 0x00, 0x00, 0x00, 0x00, 0x00, 0x00, 0x00, 0x00, 0x00,
    0x00, 0x00, 0x00, 0x00, 0x00, 0x00, 0x00, 0x00, 0x00, 0x00, 0x00, 0x00, 0x00, 0x00, 0x00, 0x00, 0x00, 0x00, 0x00, 0x00,
    0x00, 0x00, 0x00, 0x00, 0x00, 0x00, 0x00, 0x00, 0x00, 0x00, 0x00, 0x00, 0x00, 0x00, 0x00, 0x00, 0x00, 0x00, 0x00, 0x00,
    0x00, 0x00, 0x00, 0x00, 0x00, 0x00, 0x00, 0x00, 0x00, 0x00, 0x00, 0x00, 0x00, 0x00, 0x00, 0x00, 0x00, 0x00, 0x00, 0x00,
    0x00, 0x00, 0x00, 0x00, 0x00, 0x00, 0x00, 0x00, 0x00, 0x00, 0x00, 0x00, 0x00, 0x00, 0x00, 0x00, 0x00, 0x00, 0x00, 0x00,
    0x00, 0x00, 0x00, 0x18, 0x00, 0x00, 0x00, 0x00, 0x00, 0x00, 0x00, 0x00, 0x00, 0x00, 0x00, 0x00, 0x0c, 0x00, 0x00, 0x00,
    0x00, 0x00, 0x00, 0x00, 0x00, 0x00, 0x00, 0x00, 0x00, 0x0c, 0x01, 0xff, 0xff, 0xff, 0xff, 0xff, 0xff, 0xff, 0xff, 0xff,
    0xff, 0xff, 0xff, 0xf1, 0xff, 0xff, 0xff, 0xff, 0xff, 0xff, 0xff, 0xff, 0xff, 0xff, 0xff, 0xff, 0xfd, 0xff, 0xff, 0xff,
    0xff, 0xff, 0xff, 0xff, 0xff, 0xff, 0xff, 0xff, 0xff, 0xff, 0xc0, 0x00, 0x00, 0x00, 0x00, 0x00, 0x00, 0x00, 0x00, 0x00,
    0x00, 0x07, 0x81, 0xe0, 0x00, 0x00, 0x00, 0x00, 0x00, 0x00, 0x00, 0x00, 0x00, 0x00, 0x03, 0xc0, 0xf0, 0x00, 0x00, 0x00,
    0x00, 0x00, 0x00, 0x00, 0x00, 0x00, 0x00, 0x03, 0xe0, 0x78, 0x00, 0x00, 0x00, 0x00, 0x00, 0xff, 0xc0, 0x00, 0x00, 0x00,
    0x01, 0xe0, 0x3c, 0x00, 0x00, 0x00, 0x00, 0x1f, 0xff, 0xff, 0x00, 0x00, 0x00, 0x00, 0x70, 0x1e, 0x00, 0x00, 0x00, 0x00,
    0x7f, 0xff, 0xff, 0xf0, 0x00, 0x00, 0x07, 0xe0, 0x0f, 0x00, 0x00, 0x00, 0x01, 0xff, 0x00, 0x01, 0xff, 0x00, 0x00, 0x07,
    0xf8, 0x07, 0x80, 0x00, 0x00, 0x03, 0xf8, 0x00, 0x00, 0x0f, 0xe0, 0x00, 0x07, 0xfe, 0x03, 0xc0, 0x00, 0x00, 0x07, 0xe0,
    0x00, 0x00, 0x00, 0xfc, 0x00, 0x03, 0xff, 0x01, 0xe0, 0x00, 0x00, 0x07, 0xc0, 0x00, 0x00, 0x00, 0x1f, 0x80, 0x03, 0xff,
    0x80, 0xf0, 0x00, 0x00, 0x0f, 0x80, 0x00, 0x00, 0x00, 0x03, 0xe0, 0x01, 0xff, 0xe0, 0x78, 0x00, 0x00, 0x0f, 0x00, 0x00,
    0x00, 0x00, 0x00, 0x7c, 0x00, 0xff, 0xf0, 0x3c, 0x00, 0x00, 0x1f, 0x00, 0x00, 0x00, 0x00, 0x00, 0x1f, 0x00, 0x7f, 0xf0,
    0x1e, 0x00, 0x00, 0x1e, 0x00, 0x00, 0x00, 0x00, 0x00, 0x03, 0xc0, 0x1f, 0xf8, 0x0f, 0x00, 0x00, 0x1e, 0x00, 0x00, 0x00,
    0x00, 0x00, 0x00, 0xf0, 0x07, 0xf8, 0x07, 0x80, 0x00, 0x1e, 0x00, 0x00, 0x00, 0x00, 0x00, 0x00, 0x3c, 0x03, 0xf8, 0x03,
    0xc0, 0x00, 0x1e, 0x00, 0x00, 0x00, 0x00, 0x00, 0x00, 0x0f, 0x01, 0xc0, 0x01, 0xe0, 0x00, 0x1e, 0x00, 0x00, 0x07, 0xfc,
    0x00, 0x00, 0x03, 0xc0, 0xc0, 0x00, 0xf0, 0x00, 0x1e, 0x00, 0x00, 0x3e, 0x00, 0x00, 0x00, 0x00, 0xf0, 0xc0, 0x00, 0x78,
    0x00, 0x0e, 0x00, 0x00, 0x70, 0x00, 0x00, 0x00, 0x00, 0x3c, 0x60, 0x00, 0x3c, 0x00, 0x0e, 0x00, 0x00, 0xe0, 0x00, 0x00,
    0x00, 0x00, 0x0e, 0x70, 0x00, 0x1e, 0x00, 0x0e, 0x00, 0x01, 0xc0, 0x00, 0x00, 0x00, 0x00, 0x03, 0xb0, 0x00, 0x0f, 0x00,
    0x07, 0x00, 0x01, 0x80, 0x00, 0x00, 0x00, 0x00, 0x00, 0xf8, 0x00, 0x07, 0x80, 0x07, 0x00, 0x01, 0x80, 0x00, 0x00, 0x00,
    0x00, 0x00, 0x78, 0x00, 0x03, 0xc0, 0x07, 0x00, 0x01, 0x00, 0x07, 0xc0, 0x00, 0x00, 0x00, 0x1c, 0x00, 0x01, 0xe0, 0x03,
    0x80, 0x01, 0x00, 0x1e, 0x00, 0x00, 0x00, 0x00, 0x0e, 0x00, 0x00, 0xf0, 0x03, 0x80, 0x01, 0x00, 0x38, 0x00, 0x00, 0x00,
    0x00, 0x07, 0x80, 0x00, 0x78, 0x01, 0xc0, 0x01, 0x00, 0x60, 0x00, 0x00, 0x00, 0x00, 0x07, 0xc0, 0x00, 0x3c, 0x01, 0xc0,
    0x01, 0x80, 0x60, 0x00, 0x00, 0x00, 0x00, 0x03, 0x70, 0x00, 0x1e, 0x00, 0xe0, 0x01, 0x80, 0x40, 0x00, 0x00, 0x00, 0x00,
    0x03, 0x38, 0x00, 0x0f, 0x00, 0x60, 0x00, 0x80, 0x40, 0x00, 0x00, 0x00, 0x00, 0x01, 0x8e, 0x00, 0x07, 0x80, 0x70, 0x00,
    0xc0, 0x40, 0x06, 0x00, 0x00, 0x00, 0x01, 0xc7, 0x00, 0x03, 0xc0, 0x38, 0x00, 0x00, 0x40, 0x0e, 0x00, 0x00, 0x00, 0x00,
    0xc3, 0x80, 0x01, 0xe0, 0x18, 0x00, 0x00, 0x00, 0x18, 0x00, 0x00, 0x00, 0x00, 0xe0, 0xe0, 0x00, 0xf0, 0x1c, 0x00, 0x00,
    0x00, 0x10, 0x00, 0x00, 0x00, 0x00, 0x60, 0x70, 0x00, 0x78, 0x0e, 0x00, 0x00, 0x00, 0x10, 0x00, 0x00, 0x00, 0x00, 0x30,
    0x38, 0x00, 0x3c, 0x07, 0x00, 0x00, 0x00, 0x00, 0x00, 0x00, 0x00, 0x00, 0x30, 0x0c, 0x00, 0x1e, 0x03, 0x00, 0x00, 0x00,
    0x00, 0x00, 0x00, 0x00, 0x00, 0x18, 0x06, 0x00, 0x0f, 0x01, 0x80, 0x00, 0x00, 0x00, 0x00, 0x00, 0x00, 0x00, 0x18, 0x03,
    0x80, 0x07, 0x81, 0xc0, 0x00, 0x00, 0x00, 0x07, 0xf0, 0x00, 0x00, 0x0c, 0x01, 0xc0, 0x03, 0xc0, 0xe0, 0x00, 0x00, 0x00,
    0x06, 0x0c, 0x00, 0x00, 0x0c, 0x00, 0xe0, 0x01, 0xe0, 0x70, 0x00, 0x00, 0x00, 0x06, 0x03, 0x00, 0x00, 0x06, 0x00, 0x70,
    0x00, 0xf0, 0x38, 0x00, 0x00, 0x00, 0x02, 0x00, 0x80, 0x00, 0x07, 0x00, 0x38, 0x00, 0x78, 0x1c, 0x00, 0x00, 0x00, 0x01,
    0x00, 0x60, 0x00, 0x03, 0x00, 0x1c, 0x00, 0x3c, 0x0e, 0x00, 0x00, 0x00, 0x00, 0x80, 0x30, 0x00, 0x03, 0x80, 0x0e, 0x00,
    0x1e, 0x07, 0x00, 0x00, 0x00, 0x00, 0x40, 0x18, 0x00, 0x01, 0x80, 0x07, 0x00, 0x0f, 0x03, 0x80, 0x00, 0x00, 0x00, 0x20,
    0x08, 0x00, 0x00, 0xc0, 0x03, 0x80, 0x07, 0x81, 0xc0, 0x00, 0x00, 0x00, 0x18, 0x0c, 0x00, 0x00, 0xc0, 0x01, 0xc0, 0x03,
    0xc0, 0xe0, 0x00, 0x00, 0x00, 0x06, 0x0c, 0x00, 0x00, 0x60, 0x00, 0xe0, 0x01, 0xe0, 0x70, 0x00, 0x00, 0x00, 0x01, 0xfc,
    0x00, 0x00, 0x60, 0x00, 0x70, 0x00, 0xf0, 0x18, 0x00, 0x00, 0x00, 0x00, 0x38, 0x00, 0x00, 0x30, 0x00, 0x38, 0x00, 0x78,
    0x0c, 0x00, 0x00, 0x00, 0x00, 0x00, 0x00, 0x00, 0x30, 0x00, 0x18, 0x00, 0x3c, 0x07, 0x00, 0x00, 0x00, 0x00, 0x00, 0x00,
    0x00, 0x18, 0x00, 0x0c, 0x00, 0x1e, 0x03, 0x80, 0x00, 0x00, 0x00, 0x00, 0x00, 0x00, 0x1c, 0x00, 0x0e, 0x00, 0x0f, 0x01,
    0xc0, 0x00, 0x00, 0x00, 0x00, 0x00, 0x00, 0x0c, 0x00, 0x07, 0x00, 0x07, 0x80, 0x60, 0x00, 0x00, 0x00, 0x00, 0x00, 0x00,
    0x0e, 0x00, 0x03, 0x80, 0x03, 0xc0, 0x38, 0x00, 0x00, 0x00, 0x00, 0x00, 0x00, 0x06, 0x00, 0x01, 0x80, 0x01, 0xe0, 0x1c,
    0x00, 0x00, 0x00, 0x00, 0x00, 0x00, 0x07, 0x00, 0x01, 0xc0, 0x00, 0xf0, 0x06, 0x00, 0x00, 0x00, 0x00, 0x00, 0x00, 0x07,
    0x00, 0x00, 0xe0, 0x00, 0x78, 0x03, 0x80, 0x00, 0x00, 0x00, 0x00, 0x00, 0x0f, 0x00, 0x00, 0xe0, 0x00, 0x3c, 0x01, 0xc0,
    0x00, 0x00, 0x00, 0x00, 0x00, 0x0e, 0x00, 0x00, 0x70, 0x00, 0x1e, 0x00, 0x70, 0x00, 0x00, 0x00, 0x00, 0x00, 0x3e, 0x00,
    0x00, 0x30, 0x00, 0x0f, 0x00, 0x38, 0x00, 0x00, 0x00, 0x00, 0x00, 0x1e, 0x00, 0x00, 0x38, 0x00, 0x07, 0x80, 0x0e, 0x00,
    0x00, 0x00, 0x00, 0x00, 0x7f, 0x00, 0x00, 0x18, 0x00, 0x03, 0xc0, 0x07, 0x00, 0x00, 0x00, 0x00, 0x00, 0x7e, 0x00, 0x00,
    0x1c, 0x00, 0x01, 0xe0, 0x01, 0xc0, 0x00, 0x00, 0x00, 0x00, 0xfc, 0x00, 0x00, 0x1c, 0x00, 0x00, 0xf0, 0x00, 0xf0, 0x00,
    0x00, 0x00, 0x00, 0xfe, 0x00, 0x00, 0x0e, 0x00, 0x00, 0x78, 0x00, 0x38, 0x00, 0x00, 0x00, 0x03, 0xfe, 0x00, 0x00, 0x0e,
    0x00, 0x00, 0x3c, 0x00, 0x0e, 0x00, 0x00, 0x00, 0x07, 0xfc, 0x00, 0x00, 0x0e, 0x00, 0x00, 0x1e, 0x00, 0x07, 0x80, 0x00,
    0x00, 0x07, 0xfc, 0x00, 0x00, 0x0f, 0x00, 0x00, 0x0f, 0x00, 0x01, 0xe0, 0x00, 0x00, 0x07, 0xfc, 0x00, 0x00, 0x07, 0x00,
    0x00, 0x07, 0x80, 0x00, 0x78, 0x00, 0x00, 0x01, 0xfe, 0x00, 0x00, 0x07, 0x00, 0x00, 0x03, 0xc0, 0x00, 0x1e, 0x00, 0x00,
    0x00, 0xfe, 0x00, 0x00, 0x07, 0x00, 0x00, 0x01, 0xe0, 0x00, 0x07, 0x80, 0x00, 0x00, 0x3e, 0x00, 0x00, 0x07, 0x00, 0x00,
    0x00, 0xf0, 0x00, 0x01, 0xe0, 0x00, 0x00, 0x0e, 0x00, 0x00, 0x0f, 0x00, 0x00, 0x00, 0x78, 0x00, 0x00, 0x78, 0x00, 0x00,
    0x00, 0x00, 0x00, 0x0f, 0x00, 0x00, 0x00, 0x3c, 0x00, 0x00, 0x1e, 0x00, 0x00, 0x00, 0x00, 0x00, 0x0f, 0x00, 0x00, 0x00,
    0x1e, 0x00, 0x00, 0x07, 0xc0, 0x00, 0x00, 0x00, 0x00, 0x1f, 0x00, 0x00, 0x00, 0x0f, 0x00, 0x00, 0x00, 0xf8, 0x00, 0x00,
    0x00, 0x00, 0x1e, 0x00, 0x00, 0x00, 0x07, 0x80, 0x00, 0x00, 0x3f, 0x00, 0x00, 0x00, 0x00, 0x3e, 0x00, 0x00, 0x00, 0x03,
    0xc0, 0x00, 0x00, 0x07, 0xe0, 0x00, 0x00, 0x00, 0xfc, 0x00, 0x00, 0x00, 0x01, 0xe0, 0x00, 0x00, 0x00, 0xfc, 0x00, 0x00,
    0x01, 0xfc, 0x00, 0x00, 0x00, 0x00, 0xf0, 0x00, 0x00, 0x00, 0x1f, 0xe0, 0x00, 0x0f, 0xf0, 0x00, 0x00, 0x00, 0x00, 0x78,
    0x00, 0x00, 0x00, 0x03, 0xff, 0xff, 0xff, 0xe0, 0x00, 0x00, 0x00, 0x00, 0x3c, 0x00, 0x00, 0x00, 0x00, 0x3f, 0xff, 0xff,
    0x80, 0x00, 0x00, 0x00, 0x00, 0x1e, 0x00, 0x00, 0x00, 0x00, 0x00, 0xff, 0xf8, 0x00, 0x00, 0x00, 0x00, 0x00, 0x0f, 0x00,
    0x00, 0x00, 0x00, 0x00, 0x00, 0x00, 0x00, 0x00, 0x00, 0x00, 0x00, 0x07, 0x80, 0x00, 0x00, 0x00, 0x00, 0x00, 0x00, 0x00,
    0x00, 0x00, 0x00, 0x00, 0x03, 0xc0, 0x00, 0x00, 0x00, 0x00, 0x00, 0x00, 0x00, 0x00, 0x00, 0x00, 0x00, 0x01, 0xff, 0xff,
    0xff, 0xff, 0xff, 0xff, 0xff, 0xff, 0xff, 0xff, 0xff, 0xff, 0xff, 0xdf, 0xff, 0xff, 0xff, 0xff, 0xff, 0xff, 0xff, 0xff,
    0xff, 0xff, 0xff, 0xff, 0xc7, 0xff, 0xff, 0xff, 0xff, 0xff, 0xff, 0xff, 0xff, 0xff, 0xff, 0xff, 0xff, 0xc0, 0x00, 0x00,
    0x00, 0x00, 0x00, 0x00, 0x00, 0x00, 0x00, 0x00, 0x00, 0x00, 0x00, 0x00, 0x00, 0x00, 0x00, 0x00, 0x00, 0x00, 0x00, 0x00,
    0x00, 0x00, 0x00, 0x00, 0x00, 0x00, 0x00, 0x00, 0x00, 0x00, 0x00, 0x00, 0x00, 0x00, 0x00, 0x00, 0x00, 0x00, 0x00, 0x00,
    0x00, 0x00, 0x00, 0x00, 0x00, 0x00, 0x00, 0x00, 0x00, 0x00, 0x00, 0x00, 0x00, 0x00, 0x00, 0x00, 0x00, 0x00, 0x00, 0x00,
    0x00, 0x00, 0x00, 0x00, 0x00, 0x00, 0x00, 0x00, 0x00, 0x00, 0x00, 0x00, 0x00, 0x00, 0x00, 0x00, 0x00, 0x00, 0x00, 0x00,
    0x00, 0x00, 0x00, 0x00, 0x00, 0x00, 0x00, 0x00, 0x00, 0x00, 0x00, 0x00, 0x00, 0x00, 0x00, 0x00, 0x00, 0x00, 0x00, 0x00,
    0x00, 0x00, 0x18, 0x00, 0x00, 0x00, 0x00, 0x00, 0x00, 0x00, 0x00, 0x00, 0x00, 0x00, 0x00, 0x1c, 0x00, 0x00, 0x00, 0x00,
    0x00, 0x00, 0x00, 0x00, 0x00, 0x00, 0x00, 0x00, 0x0c, 0x01, 0xff, 0xff, 0xff, 0xff, 0xff, 0xff, 0xff, 0xff, 0xff, 0xff,
    0xff, 0xff, 0xf1, 0xff, 0xff, 0xff, 0xff, 0xff, 0xff, 0xff, 0xff, 0xff, 0xff, 0xff, 0xff, 0xfd, 0xff, 0xff, 0xff, 0xff,
    0xff, 0xff, 0xff, 0xff, 0xff, 0xff, 0xff, 0xff, 0xff, 0xc0, 0x00, 0x00, 0x00, 0x00, 0x00, 0x00, 0x00, 0x00, 0x00, 0x00,
    0x07, 0x01, 0xe0, 0x00, 0x00, 0x00, 0x00, 0x00, 0x00, 0x00, 0x00, 0x00, 0x00, 0x03, 0xc0, 0xf0, 0x00, 0x00, 0x00, 0x00,
    0x00, 0x00, 0x00, 0x00, 0x00, 0x00, 0x03, 0xc0, 0x78, 0x00, 0x00, 0x00, 0x00, 0x00, 0xff, 0xc0, 0x00, 0x00, 0x00, 0x01,
    0xe0, 0x3c, 0x00, 0x00, 0x00, 0x00, 0x1f, 0xff, 0xff, 0x00, 0x00, 0x00, 0x00, 0xe0, 0x1e, 0x00, 0x00, 0x00, 0x00, 0x7f,
    0xff, 0xff, 0xf0, 0x00, 0x00, 0x07, 0xe0, 0x0f, 0x00, 0x00, 0x00, 0x01, 0xff, 0x00, 0x01, 0xff, 0x00, 0x00, 0x07, 0xf8,
    0x07, 0x80, 0x00, 0x00, 0x03, 0xf8, 0x00, 0x00, 0x0f, 0xe0, 0x00, 0x07, 0xfe, 0x03, 0xc0, 0x00, 0x00, 0x07, 0xe0, 0x00,
    0x00, 0x00, 0xfc, 0x00, 0x03, 0xff, 0x01, 0xe0, 0x00, 0x00, 0x07, 0xc0, 0x00, 0x00, 0x00, 0x1f, 0x80, 0x03, 0xff, 0xc0,
    0xf0, 0x00, 0x00, 0x0f, 0x80, 0x00, 0x00, 0x00, 0x03, 0xe0, 0x01, 0xff, 0xe0, 0x78, 0x00, 0x00, 0x0f, 0x00, 0x00, 0x00,
    0x00, 0x00, 0x7c, 0x00, 0xff, 0xf0, 0x3c, 0x00, 0x00, 0x1f, 0x00, 0x00, 0x00, 0x00, 0x00, 0x1f, 0x00, 0x7f, 0xf0, 0x1e,
    0x00, 0x00, 0x1e, 0x00, 0x00, 0x00, 0x00, 0x00, 0x03, 0xc0, 0x1f, 0xf8, 0x0f, 0x00, 0x00, 0x1e, 0x00, 0x00, 0x00, 0x00,
    0x00, 0x00, 0xf0, 0x07, 0xf8, 0x07, 0x80, 0x00, 0x1e, 0x00, 0x00, 0x00, 0x00, 0x00, 0x00, 0x3c, 0x03, 0xf8, 0x03, 0xc0,
    0x00, 0x1e, 0x00, 0x00, 0x00, 0x00, 0x00, 0x00, 0x0f, 0x01, 0xc0, 0x01, 0xe0, 0x00, 0x1e, 0x00, 0x00, 0x07, 0xff, 0x00,
    0x00, 0x03, 0xc0, 0xc0, 0x00, 0xf0, 0x00, 0x1e, 0x00, 0x00, 0x3e, 0x00, 0xf8, 0x00, 0x00, 0xf0, 0xe0, 0x00, 0x78, 0x00,
    0x0e, 0x00, 0x00, 0x70, 0x00, 0x07, 0x00, 0x00, 0x3c, 0x60, 0x00, 0x3c, 0x00, 0x0e, 0x00, 0x00, 0xe0, 0x00, 0x00, 0x00,
    0x00, 0x0e, 0x30, 0x00, 0x1e, 0x00, 0x0e, 0x00, 0x01, 0xc0, 0x00, 0x00, 0x00, 0x00, 0x03, 0xb0, 0x00, 0x0f, 0x00, 0x07,
    0x00, 0x01, 0x80, 0x00, 0x00, 0x00, 0x00, 0x00, 0xf8, 0x00, 0x07, 0x80, 0x07, 0x00, 0x01, 0x80, 0x00, 0x00, 0x00, 0x00,
    0x00, 0x78, 0x00, 0x03, 0xc0, 0x07, 0x00, 0x01, 0x00, 0x07, 0xfc, 0x00, 0x00, 0x00, 0x1c, 0x00, 0x01, 0xe0, 0x03, 0x80,
    0x01, 0x00, 0x1e, 0x03, 0x80, 0x00, 0x00, 0x0e, 0x00, 0x00, 0xf0, 0x03, 0x80, 0x00, 0x00, 0x38, 0x00, 0x00, 0x00, 0x00,
    0x07, 0x80, 0x00, 0x78, 0x01, 0xc0, 0x00, 0x00, 0x60, 0x00, 0x00, 0x00, 0x00, 0x07, 0xc0, 0x00, 0x3c, 0x01, 0xc0, 0x00,
    0x00, 0x20, 0x00, 0x00, 0x00, 0x00, 0x03, 0x70, 0x00, 0x1e, 0x00, 0xe0, 0x00, 0x00, 0x00, 0x00, 0x00, 0x00, 0x00, 0x01,
    0xb8, 0x00, 0x0f, 0x00, 0x60, 0x00, 0x00, 0x00, 0x00, 0x00, 0x00, 0x00, 0x01, 0x8e, 0x00, 0x07, 0x80, 0x70, 0x00, 0x00,
    0x00, 0x07, 0xe0, 0x00, 0x00, 0x00, 0xc7, 0x00, 0x03, 0xc0, 0x38, 0x00, 0x00, 0x00, 0x0e, 0x00, 0x00, 0x00, 0x00, 0xc3,
    0x80, 0x01, 0xe0, 0x18, 0x00, 0x00, 0x00, 0x08, 0x00, 0x00, 0x00, 0x00, 0x60, 0xe0, 0x00, 0xf0, 0x1c, 0x00, 0x00, 0x00,
    0x00, 0x00, 0x00, 0x00, 0x00, 0x70, 0x70, 0x00, 0x78, 0x0e, 0x00, 0x00, 0x00, 0x00, 0x00, 0x00, 0x00, 0x00, 0x30, 0x38,
    0x00, 0x3c, 0x07, 0x00, 0x00, 0x00, 0x00, 0x00, 0x00, 0x00, 0x00, 0x18, 0x0c, 0x00, 0x1e, 0x03, 0x00, 0x00, 0x00, 0x00,
    0x00, 0x00, 0x00, 0x00, 0x18, 0x06, 0x00, 0x0f, 0x01, 0x80, 0x00, 0x00, 0x00, 0x00, 0x00, 0x00, 0x00, 0x0c, 0x03, 0x80,
    0x07, 0x81, 0xc0, 0x00, 0x00, 0x00, 0x07, 0xf0, 0x00, 0x00, 0x0c, 0x01, 0xc0, 0x03, 0xc0, 0xe0, 0x00, 0x00, 0x00, 0x06,
    0x0c, 0x00, 0x00, 0x06, 0x00, 0xe0, 0x01, 0xe0, 0x70, 0x00, 0x00, 0x00, 0x06, 0x03, 0x00, 0x00, 0x07, 0x00, 0x70, 0x00,
    0xf0, 0x38, 0x00, 0x00, 0x00, 0x02, 0x00, 0x80, 0x00, 0x03, 0x00, 0x38, 0x00, 0x78, 0x1c, 0x00, 0x00, 0x00, 0x01, 0x00,
    0x60, 0x00, 0x01, 0x80, 0x1c, 0x00, 0x3c, 0x0e, 0x00, 0x00, 0x00, 0x00, 0x80, 0x30, 0x00, 0x01, 0x80, 0x0e, 0x00, 0x1e,
    0x07, 0x00, 0x00, 0x00, 0x00, 0x40, 0x18, 0x00, 0x00, 0xc0, 0x07, 0x00, 0x0f, 0x03, 0x80, 0x00, 0x00, 0x00, 0x20, 0x08,
    0x00, 0x00, 0xc0, 0x03, 0x80, 0x07, 0x81, 0xc0, 0x00, 0x00, 0x00, 0x18, 0x0c, 0x00, 0x00, 0x60, 0x01, 0xc0, 0x03, 0xc0,
    0xe0, 0x00, 0x00, 0x00, 0x06, 0x0c, 0x00, 0x00, 0x60, 0x00, 0xe0, 0x01, 0xe0, 0x70, 0x00, 0x00, 0x00, 0x01, 0xfc, 0x00,
    0x00, 0x30, 0x00, 0x70, 0x00, 0xf0, 0x18, 0x00, 0x00, 0x00, 0x00, 0x38, 0x00, 0x00, 0x38, 0x00, 0x38, 0x00, 0x78, 0x0c,
    0x00, 0x00, 0x00, 0x00, 0x00, 0x00, 0x00, 0x18, 0x00, 0x18, 0x00, 0x3c, 0x07, 0x00, 0x00, 0x00, 0x00, 0x00, 0x00, 0x00,
    0x0c, 0x00, 0x0c, 0x00, 0x1e, 0x03, 0x80, 0x00, 0x00, 0x00, 0x00, 0x00, 0x00, 0x0c, 0x00, 0x0e, 0x00, 0x0f, 0x01, 0xc0,
    0x00, 0x00, 0x00, 0x00, 0x00, 0x00, 0x06, 0x00, 0x07, 0x00, 0x07, 0x80, 0x60, 0x00, 0x00, 0x00, 0x00, 0x00, 0x00, 0x06,
    0x00, 0x03, 0x80, 0x03, 0xc0, 0x38, 0x00, 0x00, 0x00, 0x00, 0x00, 0x00, 0x03, 0x00, 0x01, 0x80, 0x01, 0xe0, 0x1c, 0x00,
    0x00, 0x00, 0x00, 0x00, 0x00, 0x03, 0x80, 0x01, 0xc0, 0x00, 0xf0, 0x06, 0x00, 0x00, 0x00, 0x00, 0x00, 0x00, 0x03, 0x80,
    0x00, 0xe0, 0x00, 0x78, 0x03, 0x80, 0x00, 0x00, 0x00, 0x00, 0x00, 0x03, 0x80, 0x00, 0xe0, 0x00, 0x3c, 0x01, 0xc0, 0x00,
    0x00, 0x00, 0x00, 0x00, 0x07, 0x80, 0x00, 0x70, 0x00, 0x1e, 0x00, 0x70, 0x00, 0x00, 0x00, 0x00, 0x00, 0x0f, 0x00, 0x00,
    0x30, 0x00, 0x0f, 0x00, 0x38, 0x00, 0x00, 0x00, 0x00, 0x00, 0x0f, 0x00, 0x00, 0x38, 0x00, 0x07, 0x80, 0x0e, 0x00, 0x00,
    0x00, 0x00, 0x00, 0x0f, 0x80, 0x00, 0x18, 0x00, 0x03, 0xc0, 0x07, 0x00, 0x00, 0x00, 0x00, 0x00, 0x3f, 0x80, 0x00, 0x1c,
    0x00, 0x01, 0xe0, 0x01, 0xc0, 0x00, 0x00, 0x00, 0x00, 0x3e, 0x00, 0x00, 0x1c, 0x00, 0x00, 0xf0, 0x00, 0xf0, 0x00, 0x00,
    0x00, 0x00, 0x7f, 0x00, 0x00, 0x0e, 0x00, 0x00, 0x78, 0x00, 0x38, 0x00, 0x00, 0x00, 0x01, 0xff, 0x00, 0x00, 0x0e, 0x00,
    0x00, 0x3c, 0x00, 0x0e, 0x00, 0x00, 0x00, 0x01, 0xff, 0x00, 0x00, 0x0e, 0x00, 0x00, 0x1e, 0x00, 0x07, 0x80, 0x00, 0x00,
    0x01, 0xff, 0x00, 0x00, 0x0f, 0x00, 0x00, 0x0f, 0x00, 0x01, 0xe0, 0x00, 0x00, 0x01, 0xfe, 0x00, 0x00, 0x07, 0x00, 0x00,
    0x07, 0x80, 0x00, 0x78, 0x00, 0x00, 0x01, 0xff, 0x00, 0x00, 0x07, 0x00, 0x00, 0x03, 0xc0, 0x00, 0x1e, 0x00, 0x00, 0x00,
    0xff, 0x80, 0x00, 0x07, 0x00, 0x00, 0x01, 0xe0, 0x00, 0x07, 0x80, 0x00, 0x00, 0x3f, 0x00, 0x00, 0x07, 0x00, 0x00, 0x00,
    0xf0, 0x00, 0x01, 0xe0, 0x00, 0x00, 0x0f, 0x00, 0x00, 0x0f, 0x00, 0x00, 0x00, 0x78, 0x00, 0x00, 0x78, 0x00, 0x00, 0x03,
    0x00, 0x00, 0x0f, 0x00, 0x00, 0x00, 0x3c, 0x00, 0x00, 0x1e, 0x00, 0x00, 0x00, 0x00, 0x00, 0x0f, 0x00, 0x00, 0x00, 0x1e,
    0x00, 0x00, 0x07, 0xc0, 0x00, 0x00, 0x00, 0x00, 0x1f, 0x00, 0x00, 0x00, 0x0f, 0x00, 0x00, 0x00, 0xf8, 0x00, 0x00, 0x00,
    0x00, 0x1e, 0x00, 0x00, 0x00, 0x07, 0x80, 0x00, 0x00, 0x3f, 0x00, 0x00, 0x00, 0x00, 0x3e, 0x00, 0x00, 0x00, 0x03, 0xc0,
    0x00, 0x00, 0x07, 0xe0, 0x00, 0x00, 0x00, 0xfc, 0x00, 0x00, 0x00, 0x01, 0xe0, 0x00, 0x00, 0x00, 0xfc, 0x00, 0x00, 0x01,
    0xfc, 0x00, 0x00, 0x00, 0x00, 0xf0, 0x00, 0x00, 0x00, 0x1f, 0xe0, 0x00, 0x0f, 0xf0, 0x00, 0x00, 0x00, 0x00, 0x78, 0x00,
    0x00, 0x00, 0x03, 0xff, 0xff, 0xff, 0xe0, 0x00, 0x00, 0x00, 0x00, 0x3c, 0x00, 0x00, 0x00, 0x00, 0x3f, 0xff, 0xff, 0x80,
    0x00, 0x00, 0x00, 0x00, 0x1e, 0x00, 0x00, 0x00, 0x00, 0x00, 0xff, 0xf8, 0x00, 0x00, 0x00, 0x00, 0x00, 0x0f, 0x00, 0x00,
    0x00, 0x00, 0x00, 0x00, 0x00, 0x00, 0x00, 0x00, 0x00, 0x00, 0x07, 0x80, 0x00, 0x00, 0x00, 0x00, 0x00, 0x00, 0x00, 0x00,
    0x00, 0x00, 0x00, 0x03, 0xc0, 0x00, 0x00, 0x00, 0x00, 0x00, 0x00, 0x00, 0x00, 0x00, 0x00, 0x00, 0x01, 0xff, 0xff, 0xff,
    0xff, 0xff, 0xff, 0xff, 0xff, 0xff, 0xff, 0xff, 0xff, 0xff, 0xdf, 0xff, 0xff, 0xff, 0xff, 0xff, 0xff, 0xff, 0xff, 0xff,
    0xff, 0xff, 0xff, 0xc7, 0xff, 0xff, 0xff, 0xff, 0xff, 0xff, 0xff, 0xff, 0xff, 0xff, 0xff, 0xff, 0xc0, 0x00, 0x00, 0x00,
    0x00, 0x00, 0x00, 0x00, 0x00, 0x00, 0x00, 0x00, 0x00, 0x00, 0x00, 0x00, 0x00, 0x00, 0x00, 0x00, 0x00, 0x00, 0x00, 0x00,
    0x00, 0x00, 0x00, 0x00, 0x00, 0x00, 0x00, 0x00, 0x00, 0x00, 0x00, 0x00, 0x00, 0x00, 0x00, 0x00, 0x00, 0x00, 0x00, 0x00,
    0x00, 0x00, 0x00, 0x00, 0x00, 0x00, 0x00, 0x00, 0x00, 0x00, 0x00, 0x00, 0x00, 0x00, 0x00, 0x00, 0x00, 0x00, 0x00, 0x00,
    0x00, 0x00, 0x00, 0x00, 0x00, 0x00, 0x00, 0x00, 0x00, 0x00, 0x00, 0x00, 0x00, 0x00, 0x00, 0x00, 0x00, 0x00, 0x00, 0x00,
    0x00, 0x00, 0x00, 0x00, 0x00, 0x00, 0x00, 0x00, 0x00, 0x00, 0x00, 0x00, 0x00, 0x00, 0x00, 0x00, 0x00, 0x00, 0x00, 0x00,
    0x00, 0x10, 0x00, 0x00, 0x00, 0x00, 0x00, 0x00, 0x00, 0x00, 0x00, 0x00, 0x00, 0x00, 0x18, 0x00, 0x00, 0x00, 0x00, 0x00,
    0x00, 0x00, 0x00, 0x00, 0x00, 0x00, 0x00, 0x0c, 0x01, 0xff, 0xff, 0xff, 0xff, 0xff, 0xff, 0xff, 0xff, 0xff, 0xff, 0xff,
    0xff, 0xf1, 0xff, 0xff, 0xff, 0xff, 0xff, 0xff, 0xff, 0xff, 0xff, 0xff, 0xff, 0xff, 0xfd, 0xff, 0xff, 0xff, 0xff, 0xff,
    0xff, 0xff, 0xff, 0xff, 0xff, 0xff, 0xff, 0xff, 0xc0, 0x00, 0x00, 0x00, 0x00, 0x00, 0x00, 0x00, 0x00, 0x00, 0x00, 0x07,
    0x01, 0xe0, 0x00, 0x00, 0x00, 0x00, 0x00, 0x00, 0x00, 0x00, 0x00, 0x00, 0x07, 0x80, 0xf0, 0x00, 0x00, 0x00, 0x00, 0x00,
    0x00, 0x00, 0x00, 0x00, 0x00, 0x03, 0xc0, 0x78, 0x00, 0x00, 0x00, 0x00, 0x00, 0xff, 0xc0, 0x00, 0x00, 0x00, 0x01, 0xe0,
    0x3c, 0x00, 0x00, 0x00, 0x00, 0x1f, 0xff, 0xff, 0x00, 0x00, 0x00, 0x00, 0xe0, 0x1e, 0x00, 0x00, 0x00, 0x00, 0x7f, 0xff,
    0xff, 0xf0, 0x00, 0x00, 0x07, 0xe0, 0x0f, 0x00, 0x00, 0x00, 0x01, 0xff, 0x00, 0x01, 0xff, 0x00, 0x00, 0x07, 0xf8, 0x07,
    0x80, 0x00, 0x00, 0x03, 0xf8, 0x00, 0x00, 0x0f, 0xe0, 0x00, 0x07, 0xfe, 0x03, 0xc0, 0x00, 0x00, 0x07, 0xe0, 0x00, 0x00,
    0x00, 0xfc, 0x00, 0x03, 0xff, 0x01, 0xe0, 0x00, 0x00, 0x07, 0xc0, 0x00, 0x00, 0x00, 0x1f, 0x80, 0x03, 0xff, 0xc0, 0xf0,
    0x00, 0x00, 0x0f, 0x80, 0x00, 0x00, 0x00, 0x03, 0xe0, 0x01, 0xff, 0xe0, 0x78, 0x00, 0x00, 0x0f, 0x00, 0x00, 0x00, 0x00,
    0x00, 0x7c, 0x00, 0xff, 0xf0, 0x3c, 0x00, 0x00, 0x1f, 0x00, 0x00, 0x00, 0x00, 0x00, 0x1f, 0x00, 0x7f, 0xf0, 0x1e, 0x00,
    0x00, 0x1e, 0x00, 0x00, 0x00, 0x00, 0x00, 0x03, 0xc0, 0x1f, 0xf8, 0x0f, 0x00, 0x00, 0x1e, 0x00, 0x00, 0x00, 0x00, 0x00,
    0x00, 0xf0, 0x07, 0xf8, 0x07, 0x80, 0x00, 0x1e, 0x00, 0x00, 0x00, 0x00, 0x00, 0x00, 0x3c, 0x03, 0xf8, 0x03, 0xc0, 0x00,
    0x1e, 0x00, 0x00, 0x00, 0x00, 0x00, 0x00, 0x0f, 0x01, 0xc0, 0x01, 0xe0, 0x00, 0x1e, 0x00, 0x00, 0x07, 0xff, 0x00, 0x00,
    0x03, 0xc0, 0xc0, 0x00, 0xf0, 0x00, 0x1e, 0x00, 0x00, 0x3e, 0x00, 0xf8, 0x00, 0x00, 0xf0, 0x60, 0x00, 0x78, 0x00, 0x0e,
    0x00, 0x00, 0x70, 0x00, 0x07, 0x00, 0x00, 0x3c, 0x60, 0x00, 0x3c, 0x00, 0x0e, 0x00, 0x00, 0x60, 0x00, 0x00, 0x60, 0x00,
    0x0e, 0x30, 0x00, 0x1e, 0x00, 0x0e, 0x00, 0x00, 0x00, 0x00, 0x00, 0x0c, 0x00, 0x03, 0xb0, 0x00, 0x0f, 0x00, 0x07, 0x00,
    0x00, 0x00, 0x00, 0x00, 0x03, 0x00, 0x00, 0xf8, 0x00, 0x07, 0x80, 0x07, 0x00, 0x00, 0x00, 0x00, 0x00, 0x00, 0x60, 0x00,
    0x7c, 0x00, 0x03, 0xc0, 0x07, 0x00, 0x00, 0x00, 0x07, 0xfc, 0x00, 0x10, 0x00, 0x1c, 0x00, 0x01, 0xe0, 0x03, 0x80, 0x00,
    0x00, 0x0e, 0x03, 0xc0, 0x00, 0x00, 0x0e, 0x00, 0x00, 0xf0, 0x03, 0x80, 0x00, 0x00, 0x00, 0x00, 0x1c, 0x00, 0x00, 0x07,
    0x80, 0x00, 0x78, 0x01, 0xc0, 0x00, 0x00, 0x00, 0x00, 0x03, 0x00, 0x00, 0x03, 0xc0, 0x00, 0x3c, 0x01, 0xc0, 0x00, 0x00,
    0x00, 0x00, 0x00, 0x40, 0x00, 0x03, 0xf0, 0x00, 0x1e, 0x00, 0xe0, 0x00, 0x00, 0x00, 0x00, 0x00, 0x00, 0x00, 0x01, 0xb8,
    0x00, 0x0f, 0x00, 0x60, 0x00, 0x00, 0x00, 0x00, 0x00, 0x00, 0x00, 0x00, 0xce, 0x00, 0x07, 0x80, 0x70, 0x00, 0x00, 0x00,
    0x03, 0xf0, 0x00, 0x00, 0x00, 0xc7, 0x00, 0x03, 0xc0, 0x38, 0x00, 0x00, 0x00, 0x00, 0x0f, 0x00, 0x00, 0x00, 0x63, 0x80,
    0x01, 0xe0, 0x18, 0x00, 0x00, 0x00, 0x00, 0x00, 0x80, 0x00, 0x00, 0x60, 0xe0, 0x00, 0xf0, 0x1c, 0x00, 0x00, 0x00, 0x00,
    0x00, 0x00, 0x00, 0x00, 0x30, 0x70, 0x00, 0x78, 0x0e, 0x00, 0x00, 0x00, 0x00, 0x00, 0x00, 0x00, 0x00, 0x38, 0x38, 0x00,
    0x3c, 0x07, 0x00, 0x00, 0x00, 0x00, 0x00, 0x00, 0x00, 0x00, 0x18, 0x0c, 0x00, 0x1e, 0x03, 0x00, 0x00, 0x00, 0x00, 0x00,
    0x00, 0x00, 0x00, 0x0c, 0x06, 0x00, 0x0f, 0x01, 0x80, 0x00, 0x00, 0x00, 0x00, 0x00, 0x00, 0x00, 0x0c, 0x03, 0x80, 0x07,
    0x81, 0xc0, 0x00, 0x00, 0x00, 0x07, 0xf0, 0x00, 0x00, 0x06, 0x01, 0xc0, 0x03, 0xc0, 0xe0, 0x00, 0x00, 0x00, 0x06, 0x0c,
    0x00, 0x00, 0x06, 0x00, 0xe0, 0x01, 0xe0, 0x70, 0x00, 0x00, 0x00, 0x06, 0x03, 0x00, 0x00, 0x03, 0x00, 0x70, 0x00, 0xf0,
    0x38, 0x00, 0x00, 0x00, 0x02, 0x00, 0x80, 0x00, 0x01, 0x80, 0x38, 0x00, 0x78, 0x1c, 0x00, 0x00, 0x00, 0x01, 0x00, 0x60,
    0x00, 0x01, 0x80, 0x1c, 0x00, 0x3c, 0x0e, 0x00, 0x00, 0x00, 0x00, 0x80, 0x30, 0x00, 0x00, 0xc0, 0x0e, 0x00, 0x1e, 0x07,
    0x00, 0x00, 0x00, 0x00, 0x40, 0x18, 0x00, 0x00, 0xc0, 0x07, 0x00, 0x0f, 0x03, 0x80, 0x00, 0x00, 0x00, 0x20, 0x08, 0x00,
    0x00, 0x60, 0x03, 0x80, 0x07, 0x81, 0xc0, 0x00, 0x00, 0x00, 0x18, 0x0c, 0x00, 0x00, 0x70, 0x01, 0xc0, 0x03, 0xc0, 0xe0,
    0x00, 0x00, 0x00, 0x06, 0x0c, 0x00, 0x00, 0x30, 0x00, 0xe0, 0x01, 0xe0, 0x70, 0x00, 0x00, 0x00, 0x01, 0xfc, 0x00, 0x00,
    0x18, 0x00, 0x70, 0x00, 0xf0, 0x18, 0x00, 0x00, 0x00, 0x00, 0x38, 0x00, 0x00, 0x18, 0x00, 0x38, 0x00, 0x78, 0x0c, 0x00,
    0x00, 0x00, 0x00, 0x00, 0x00, 0x00, 0x0c, 0x00, 0x18, 0x00, 0x3c, 0x07, 0x00, 0x00, 0x00, 0x00, 0x00, 0x00, 0x00, 0x0c,
    0x00, 0x0c, 0x00, 0x1e, 0x03, 0x80, 0x00, 0x00, 0x00, 0x00, 0x00, 0x00, 0x06, 0x00, 0x0e, 0x00, 0x0f, 0x01, 0xc0, 0x00,
    0x00, 0x00, 0x00, 0x00, 0x00, 0x07, 0x00, 0x07, 0x00, 0x07, 0x80, 0x60, 0x00, 0x00, 0x00, 0x00, 0x00, 0x00, 0x03, 0x00,
    0x03, 0x80, 0x03, 0xc0, 0x38, 0x00, 0x00, 0x00, 0x00, 0x00, 0x00, 0x01, 0x80, 0x01, 0x80, 0x01, 0xe0, 0x1c, 0x00, 0x00,
    0x00, 0x00, 0x00, 0x00, 0x01, 0x80, 0x01, 0xc0, 0x00, 0xf0, 0x06, 0x00, 0x00, 0x00, 0x00, 0x00, 0x00, 0x01, 0xc0, 0x00,
    0xe0, 0x00, 0x78, 0x03, 0x80, 0x00, 0x00, 0x00, 0x00, 0x00, 0x01, 0xc0, 0x00, 0xe0, 0x00, 0x3c, 0x01, 0xc0, 0x00, 0x00,
    0x00, 0x00, 0x00, 0x01, 0xc0, 0x00, 0x70, 0x00, 0x1e, 0x00, 0x70, 0x00, 0x00, 0x00, 0x00, 0x00, 0x07, 0x80, 0x00, 0x30,
    0x00, 0x0f, 0x00, 0x38, 0x00, 0x00, 0x00, 0x00, 0x00, 0x07, 0x80, 0x00, 0x38, 0x00, 0x07, 0x80, 0x0e, 0x00, 0x00, 0x00,
    0x00, 0x00, 0x07, 0x80, 0x00, 0x18, 0x00, 0x03, 0xc0, 0x07, 0x00, 0x00, 0x00, 0x00, 0x00, 0x1f, 0xc0, 0x00, 0x1c, 0x00,
    0x01, 0xe0, 0x01, 0xc0, 0x00, 0x00, 0x00, 0x00, 0x1f, 0x00, 0x00, 0x1c, 0x00, 0x00, 0xf0, 0x00, 0xf0, 0x00, 0x00, 0x00,
    0x00, 0x1f, 0x80, 0x00, 0x0e, 0x00, 0x00, 0x78, 0x00, 0x38, 0x00, 0x00, 0x00, 0x00, 0x1f, 0xc0, 0x00, 0x0e, 0x00, 0x00,
    0x3c, 0x00, 0x0e, 0x00, 0x00, 0x00, 0x00, 0x7f, 0x80, 0x00, 0x0e, 0x00, 0x00, 0x1e, 0x00, 0x07, 0x80, 0x00, 0x00, 0x00,
    0xff, 0x80, 0x00, 0x0f, 0x00, 0x00, 0x0f, 0x00, 0x01, 0xe0, 0x00, 0x00, 0x00, 0xff, 0x80, 0x00, 0x07, 0x00, 0x00, 0x07,
    0x80, 0x00, 0x78, 0x00, 0x00, 0x00, 0xff, 0x80, 0x00, 0x07, 0x00, 0x00, 0x03, 0xc0, 0x00, 0x1e, 0x00, 0x00, 0x00, 0x7f,
    0xc0, 0x00, 0x07, 0x00, 0x00, 0x01, 0xe0, 0x00, 0x07, 0x80, 0x00, 0x00, 0x3f, 0xc0, 0x00, 0x07, 0x00, 0x00, 0x00, 0xf0,
    0x00, 0x01, 0xe0, 0x00, 0x00, 0x0f, 0xc0, 0x00, 0x0f, 0x00, 0x00, 0x00, 0x78, 0x00, 0x00, 0x78, 0x00, 0x00, 0x03, 0xc0,
    0x00, 0x0f, 0x00, 0x00, 0x00, 0x3c, 0x00, 0x00, 0x1e, 0x00, 0x00, 0x00, 0x00, 0x00, 0x0f, 0x00, 0x00, 0x00, 0x1e, 0x00,
    0x00, 0x07, 0xc0, 0x00, 0x00, 0x00, 0x00, 0x1f, 0x00, 0x00, 0x00, 0x0f, 0x00, 0x00, 0x00, 0xf8, 0x00, 0x00, 0x00, 0x00,
    0x1e, 0x00, 0x00, 0x00, 0x07, 0x80, 0x00, 0x00, 0x3f, 0x00, 0x00, 0x00, 0x00, 0x3e, 0x00, 0x00, 0x00, 0x03, 0xc0, 0x00,
    0x00, 0x07, 0xe0, 0x00, 0x00, 0x00, 0xfc, 0x00, 0x00, 0x00, 0x01, 0xe0, 0x00, 0x00, 0x00, 0xfc, 0x00, 0x00, 0x01, 0xfc,
    0x00, 0x00, 0x00, 0x00, 0xf0, 0x00, 0x00, 0x00, 0x1f, 0xe0, 0x00, 0x0f, 0xf0, 0x00, 0x00, 0x00, 0x00, 0x78, 0x00, 0x00,
    0x00, 0x03, 0xff, 0xff, 0xff, 0xe0, 0x00, 0x00, 0x00, 0x00, 0x3c, 0x00, 0x00, 0x00, 0x00, 0x3f, 0xff, 0xff, 0x80, 0x00,
    0x00, 0x00, 0x00, 0x1e, 0x00, 0x00, 0x00, 0x00, 0x00, 0xff, 0xf8, 0x00, 0x00, 0x00, 0x00, 0x00, 0x0f, 0x00, 0x00, 0x00,
    0x00, 0x00, 0x00, 0x00, 0x00, 0x00, 0x00, 0x00, 0x00, 0x07, 0x80, 0x00, 0x00, 0x00, 0x00, 0x00, 0x00, 0x00, 0x00, 0x00,
    0x00, 0x00, 0x03, 0xc0, 0x00, 0x00, 0x00, 0x00, 0x00, 0x00, 0x00, 0x00, 0x00, 0x00, 0x00, 0x01, 0xff, 0xff, 0xff, 0xff,
    0xff, 0xff, 0xff, 0xff, 0xff, 0xff, 0xff, 0xff, 0xff, 0xdf, 0xff, 0xff, 0xff, 0xff, 0xff, 0xff, 0xff, 0xff, 0xff, 0xff,
    0xff, 0xff, 0xc7, 0xff, 0xff, 0xff, 0xff, 0xff, 0xff, 0xff, 0xff, 0xff, 0xff, 0xff, 0xff, 0xc0, 0x00, 0x00, 0x00, 0x00,
    0x00, 0x00, 0x00, 0x00, 0x00, 0x00, 0x00, 0x00, 0x00, 0x00, 0x00, 0x00, 0x00, 0x00, 0x00, 0x00, 0x00, 0x00, 0x00, 0x00,
    0x00, 0x00, 0x00, 0x00, 0x00, 0x00, 0x00, 0x00, 0x00, 0x00, 0x00, 0x00, 0x00, 0x00, 0x00, 0x00, 0x00, 0x00, 0x00, 0x00,
    0x00, 0x00, 0x00, 0x00, 0x00, 0x00, 0x00, 0x00, 0x00, 0x00, 0x00, 0x00, 0x00, 0x00, 0x00, 0x00, 0x00, 0x00, 0x00, 0x00,
    0x00, 0x00, 0x00, 0x00, 0x00, 0x00, 0x00, 0x00, 0x00, 0x00, 0x00, 0x00, 0x00, 0x00, 0x00, 0x00, 0x00, 0x00, 0x00, 0x00,
    0x00, 0x00, 0x00, 0x00, 0x00, 0x00, 0x00, 0x00, 0x00, 0x00, 0x00, 0x00, 0x00, 0x00, 0x00, 0x00, 0x00, 0x00, 0x00, 0x00,
    0x30, 0x00, 0x00, 0x00, 0x00, 0x00, 0x00, 0x00, 0x00, 0x00, 0x00, 0x00, 0x00, 0x18, 0x00, 0x00, 0x00, 0x00, 0x00, 0x00,
    0x00, 0x00, 0x00, 0x00, 0x00, 0x00, 0x0c, 0x01, 0xff, 0xff, 0xff, 0xff, 0xff, 0xff, 0xff, 0xff, 0xff, 0xff, 0xff, 0xff,
    0xf1, 0xff, 0xff, 0xff, 0xff, 0xff, 0xff, 0xff, 0xff, 0xff, 0xff, 0xff, 0xff, 0xfd, 0xff, 0xff, 0xff, 0xff, 0xff, 0xff,
    0xff, 0xff, 0xff, 0xff, 0xff, 0xff, 0xff, 0xc0, 0x00, 0x00, 0x00, 0x00, 0x00, 0x00, 0x00, 0x00, 0x00, 0x00, 0x07, 0x01,
    0xe0, 0x00, 0x00, 0x00, 0x00, 0x00, 0x00, 0x00, 0x00, 0x00, 0x00, 0x07, 0x80, 0xf0, 0x00, 0x00, 0x00, 0x00, 0x00, 0x00,
    0x00, 0x00, 0x00, 0x00, 0x03, 0xc0, 0x78, 0x00, 0x00, 0x00, 0x00, 0x00, 0xff, 0xc0, 0x00, 0x00, 0x00, 0x01, 0xe0, 0x3c,
    0x00, 0x00, 0x00, 0x00, 0x1f, 0xff, 0xff, 0x00, 0x00, 0x00, 0x00, 0xe0, 0x1e, 0x00, 0x00, 0x00, 0x00, 0x7f, 0xff, 0xff,
    0xf0, 0x00, 0x00, 0x07, 0xe0, 0x0f, 0x00, 0x00, 0x00, 0x01, 0xff, 0x00, 0x01, 0xff, 0x00, 0x00, 0x07, 0xf8, 0x07, 0x80,
    0x00, 0x00, 0x03, 0xf8, 0x00, 0x00, 0x0f, 0xe0, 0x00, 0x07, 0xfe, 0x03, 0xc0, 0x00, 0x00, 0x07, 0xe0, 0x00, 0x00, 0x00,
    0xfc, 0x00, 0x03, 0xff, 0x01, 0xe0, 0x00, 0x00, 0x07, 0xc0, 0x00, 0x00, 0x00, 0x1f, 0x80, 0x03, 0xff, 0xc0, 0xf0, 0x00,
    0x00, 0x0f, 0x80, 0x00, 0x00, 0x00, 0x03, 0xe0, 0x01, 0xff, 0xe0, 0x78, 0x00, 0x00, 0x0f, 0x00, 0x00, 0x00, 0x00, 0x00,
    0x7c, 0x00, 0xff, 0xf0, 0x3c, 0x00, 0x00, 0x1f, 0x00, 0x00, 0x00, 0x00, 0x00, 0x1f, 0x00, 0x7f, 0xf0, 0x1e, 0x00, 0x00,
    0x1e, 0x00, 0x00, 0x00, 0x00, 0x00, 0x03, 0xc0, 0x1f, 0xf8, 0x0f, 0x00, 0x00, 0x1e, 0x00, 0x00, 0x00, 0x00, 0x00, 0x00,
    0xf0, 0x07, 0xf8, 0x07, 0x80, 0x00, 0x1e, 0x00, 0x00, 0x00, 0x00, 0x00, 0x00, 0x3c, 0x01, 0xf8, 0x03, 0xc0, 0x00, 0x1e,
    0x00, 0x00, 0x00, 0x00, 0x00, 0x00, 0x0f, 0x01, 0xc0, 0x01, 0xe0, 0x00, 0x1e, 0x00, 0x00, 0x03, 0xff, 0x00, 0x00, 0x03,
    0xc0, 0xc0, 0x00, 0xf0, 0x00, 0x1e, 0x00, 0x00, 0x00, 0x00, 0xf8, 0x00, 0x00, 0xf0, 0x60, 0x00, 0x78, 0x00, 0x0e, 0x00,
    0x00, 0x00, 0x00, 0x07, 0x00, 0x00, 0x3c, 0x60, 0x00, 0x3c, 0x00, 0x0e, 0x00, 0x00, 0x00, 0x00, 0x00, 0x60, 0x00, 0x0e,
    0x30, 0x00, 0x1e, 0x00, 0x0e, 0x00, 0x00, 0x00, 0x00, 0x00, 0x0c, 0x00, 0x03, 0xb8, 0x00, 0x0f, 0x00, 0x07, 0x00, 0x00,
    0x00, 0x00, 0x00, 0x03, 0x00, 0x00, 0xf8, 0x00, 0x07, 0x80, 0x07, 0x00, 0x00, 0x00, 0x00, 0x00, 0x00, 0x60, 0x00, 0x7c,
    0x00, 0x03, 0xc0, 0x07, 0x00, 0x00, 0x00, 0x00, 0x3c, 0x00, 0x18, 0x00, 0x1c, 0x00, 0x01, 0xe0, 0x03, 0x80, 0x00, 0x00,
    0x00, 0x03, 0xc0, 0x06, 0x00, 0x0e, 0x00, 0x00, 0xf0, 0x03, 0x80, 0x00, 0x00, 0x00, 0x00, 0x1c, 0x01, 0x80, 0x07, 0x80,
    0x00, 0x78, 0x01, 0xc0, 0x00, 0x00, 0x00, 0x00, 0x03, 0x00, 0x40, 0x03, 0xc0, 0x00, 0x3c, 0x01, 0xc0, 0x00, 0x00, 0x00,
    0x00, 0x00, 0x60, 0x10, 0x01, 0xf0, 0x00, 0x1e, 0x00, 0xe0, 0x00, 0x00, 0x00, 0x00, 0x00, 0x18, 0x0c, 0x01, 0xb8, 0x00,
    0x0f, 0x00, 0x60, 0x00, 0x00, 0x00, 0x00, 0x00, 0x06, 0x02, 0x00, 0xce, 0x00, 0x07, 0x80, 0x70, 0x00, 0x00, 0x00, 0x00,
    0x30, 0x01, 0x80, 0x00, 0xe7, 0x00, 0x03, 0xc0, 0x38, 0x00, 0x00, 0x00, 0x00, 0x0f, 0x00, 0x40, 0x00, 0x63, 0x80, 0x01,
    0xe0, 0x18, 0x00, 0x00, 0x00, 0x00, 0x00, 0xc0, 0x00, 0x00, 0x30, 0xe0, 0x00, 0xf0, 0x1c, 0x00, 0x00, 0x00, 0x00, 0x00,
    0x18, 0x00, 0x00, 0x30, 0x70, 0x00, 0x78, 0x0e, 0x00, 0x00, 0x00, 0x00, 0x00, 0x04, 0x00, 0x00, 0x18, 0x38, 0x00, 0x3c,
    0x07, 0x00, 0x00, 0x00, 0x00, 0x00, 0x00, 0x00, 0x00, 0x1c, 0x0c, 0x00, 0x1e, 0x03, 0x00, 0x00, 0x00, 0x00, 0x00, 0x00,
    0x00, 0x00, 0x0c, 0x06, 0x00, 0x0f, 0x01, 0x80, 0x00, 0x00, 0x00, 0x00, 0x00, 0x00, 0x00, 0x06, 0x03, 0x80, 0x07, 0x81,
    0xc0, 0x00, 0x00, 0x00, 0x07, 0xf0, 0x00, 0x00, 0x06, 0x01, 0xc0, 0x03, 0xc0, 0xe0, 0x00, 0x00, 0x00, 0x06, 0x0c, 0x00,
    0x00, 0x03, 0x00, 0xe0, 0x01, 0xe0, 0x70, 0x00, 0x00, 0x00, 0x06, 0x03, 0x00, 0x00, 0x03, 0x80, 0x70, 0x00, 0xf0, 0x38,
    0x00, 0x00, 0x00, 0x02, 0x00, 0x80, 0x00, 0x01, 0x80, 0x38, 0x00, 0x78, 0x1c, 0x00, 0x00, 0x00, 0x01, 0x00, 0x60, 0x00,
    0x00, 0xc0, 0x1c, 0x00, 0x3c, 0x0e, 0x00, 0x00, 0x00, 0x00, 0x80, 0x30, 0x00, 0x00, 0xc0, 0x0e, 0x00, 0x1e, 0x07, 0x00,
    0x00, 0x00, 0x00, 0x40, 0x18, 0x00, 0x00, 0x60, 0x07, 0x00, 0x0f, 0x03, 0x80, 0x00, 0x00, 0x00, 0x20, 0x08, 0x00, 0x00,
    0x70, 0x03, 0x80, 0x07, 0x81, 0xc0, 0x00, 0x00, 0x00, 0x18, 0x0c, 0x00, 0x00, 0x30, 0x01, 0xc0, 0x03, 0xc0, 0xe0, 0x00,
    0x00, 0x00, 0x06, 0x0c, 0x00, 0x00, 0x18, 0x00, 0xe0, 0x01, 0xe0, 0x70, 0x00, 0x00, 0x00, 0x01, 0xfc, 0x00, 0x00, 0x18,
    0x00, 0x70, 0x00, 0xf0, 0x18, 0x00, 0x00, 0x00, 0x00, 0x38, 0x00, 0x00, 0x0c, 0x00, 0x38, 0x00, 0x78, 0x0c, 0x00, 0x00,
    0x00, 0x00, 0x00, 0x00, 0x00, 0x0e, 0x00, 0x18, 0x00, 0x3c, 0x07, 0x00, 0x00, 0x00, 0x00, 0x00, 0x00, 0x00, 0x06, 0x00,
    0x0c, 0x00, 0x1e, 0x03, 0x80, 0x00, 0x00, 0x00, 0x00, 0x00, 0x00, 0x03, 0x00, 0x0e, 0x00, 0x0f, 0x01, 0xc0, 0x00, 0x00,
    0x00, 0x00, 0x00, 0x00, 0x03, 0x00, 0x07, 0x00, 0x07, 0x80, 0x60, 0x00, 0x00, 0x00, 0x00, 0x00, 0x00, 0x01, 0x80, 0x03,
    0x80, 0x03, 0xc0, 0x38, 0x00, 0x00, 0x00, 0x00, 0x00, 0x00, 0x01, 0xc0, 0x01, 0x80, 0x01, 0xe0, 0x1c, 0x00, 0x00, 0x00,
    0x00, 0x00, 0x00, 0x00, 0xc0, 0x01, 0xc0, 0x00, 0xf0, 0x06, 0x00, 0x00, 0x00, 0x00, 0x00, 0x00, 0x00, 0xe0, 0x00, 0xe0,
    0x00, 0x78, 0x03, 0x80, 0x00, 0x00, 0x00, 0x00, 0x00, 0x00, 0xe0, 0x00, 0xe0, 0x00, 0x3c, 0x01, 0xc0, 0x00, 0x00, 0x00,
    0x00, 0x00, 0x00, 0xe0, 0x00, 0x70, 0x00, 0x1e, 0x00, 0x70, 0x00, 0x00, 0x00, 0x00, 0x00, 0x01, 0xe0, 0x00, 0x30, 0x00,
    0x0f, 0x00, 0x38, 0x00, 0x00, 0x00, 0x00, 0x00, 0x03, 0xc0, 0x00, 0x38, 0x00, 0x07, 0x80, 0x0e, 0x00, 0x00, 0x00, 0x00,
    0x00, 0x03, 0xc0, 0x00, 0x18, 0x00, 0x03, 0xc0, 0x07, 0x00, 0x00, 0x00, 0x00, 0x00, 0x01, 0xe0, 0x00, 0x1c, 0x00, 0x01,
    0xe0, 0x01, 0xc0, 0x00, 0x00, 0x00, 0x00, 0x07, 0xe0, 0x00, 0x1c, 0x00, 0x00, 0xf0, 0x00, 0xf0, 0x00, 0x00, 0x00, 0x00,
    0x0f, 0xc0, 0x00, 0x0e, 0x00, 0x00, 0x78, 0x00, 0x38, 0x00, 0x00, 0x00, 0x00, 0x0f, 0xe0, 0x00, 0x0e, 0x00, 0x00, 0x3c,
    0x00, 0x0e, 0x00, 0x00, 0x00, 0x00, 0x3f, 0xe0, 0x00, 0x0e, 0x00, 0x00, 0x1e, 0x00, 0x07, 0x80, 0x00, 0x00, 0x00, 0x3f,
    0xc0, 0x00, 0x0f, 0x00, 0x00, 0x0f, 0x00, 0x01, 0xe0, 0x00, 0x00, 0x00, 0x3f, 0xc0, 0x00, 0x07, 0x00, 0x00, 0x07, 0x80,
    0x00, 0x78, 0x00, 0x00, 0x00, 0x3f, 0xc0, 0x00, 0x07, 0x00, 0x00, 0x03, 0xc0, 0x00, 0x1e, 0x00, 0x00, 0x00, 0x3f, 0xe0,
    0x00, 0x07, 0x00, 0x00, 0x01, 0xe0, 0x00, 0x07, 0x80, 0x00, 0x00, 0x1f, 0xf0, 0x00, 0x07, 0x00, 0x00, 0x00, 0xf0, 0x00,
    0x01, 0xe0, 0x00, 0x00, 0x07, 0xe0, 0x00, 0x0f, 0x00, 0x00, 0x00, 0x78, 0x00, 0x00, 0x78, 0x00, 0x00, 0x01, 0xe0, 0x00,
    0x0f, 0x00, 0x00, 0x00, 0x3c, 0x00, 0x00, 0x1e, 0x00, 0x00, 0x00, 0x60, 0x00, 0x0f, 0x00, 0x00, 0x00, 0x1e, 0x00, 0x00,
    0x07, 0xc0, 0x00, 0x00, 0x00, 0x00, 0x1f, 0x00, 0x00, 0x00, 0x0f, 0x00, 0x00, 0x00, 0xf8, 0x00, 0x00, 0x00, 0x00, 0x1e,
    0x00, 0x00, 0x00, 0x07, 0x80, 0x00, 0x00, 0x3f, 0x00, 0x00, 0x00, 0x00, 0x3e, 0x00, 0x00, 0x00, 0x03, 0xc0, 0x00, 0x00,
    0x07, 0xe0, 0x00, 0x00, 0x00, 0xfc, 0x00, 0x00, 0x00, 0x01, 0xe0, 0x00, 0x00, 0x00, 0xfc, 0x00, 0x00, 0x01, 0xfc, 0x00,
    0x00, 0x00, 0x00, 0xf0, 0x00, 0x00, 0x00, 0x1f, 0xe0, 0x00, 0x0f, 0xf0, 0x00, 0x00, 0x00, 0x00, 0x78, 0x00, 0x00, 0x00,
    0x03, 0xff, 0xff, 0xff, 0xe0, 0x00, 0x00, 0x00, 0x00, 0x3c, 0x00, 0x00, 0x00, 0x00, 0x3f, 0xff, 0xff, 0x80, 0x00, 0x00,
    0x00, 0x00, 0x1e, 0x00, 0x00, 0x00, 0x00, 0x00, 0xff, 0xf8, 0x00, 0x00, 0x00, 0x00, 0x00, 0x0f, 0x00, 0x00, 0x00, 0x00,
    0x00, 0x00, 0x00, 0x00, 0x00, 0x00, 0x00, 0x00, 0x07, 0x80, 0x00, 0x00, 0x00, 0x00, 0x00, 0x00, 0x00, 0x00, 0x00, 0x00,
    0x00, 0x03, 0xc0, 0x00, 0x00, 0x00, 0x00, 0x00, 0x00, 0x00, 0x00, 0x00, 0x00, 0x00, 0x01, 0xff, 0xff, 0xff, 0xff, 0xff,
    0xff, 0xff, 0xff, 0xff, 0xff, 0xff, 0xff, 0xff, 0xdf, 0xff, 0xff, 0xff, 0xff, 0xff, 0xff, 0xff, 0xff, 0xff, 0xff, 0xff,
    0xff, 0xc7, 0xff, 0xff, 0xff, 0xff, 0xff, 0xff, 0xff, 0xff, 0xff, 0xff, 0xff, 0xff, 0xc0, 0x00, 0x00, 0x00, 0x00, 0x00,
    0x00, 0x00, 0x00, 0x00, 0x00, 0x00, 0x00, 0x00, 0x00, 0x00, 0x00, 0x00, 0x00, 0x00, 0x00, 0x00, 0x00, 0x00, 0x00, 0x00,
    0x00, 0x00, 0x00, 0x00, 0x00, 0x00, 0x00, 0x00, 0x00, 0x00, 0x00, 0x00, 0x00, 0x00, 0x00, 0x00, 0x00, 0x00, 0x00, 0x00,
    0x00, 0x00, 0x00, 0x00, 0x00, 0x00, 0x00, 0x00, 0x00, 0x00, 0x00, 0x00, 0x00, 0x00, 0x00, 0x00, 0x00, 0x00, 0x00, 0x00,
    0x00, 0x00, 0x00, 0x00, 0x00, 0x00, 0x00, 0x00, 0x00, 0x00, 0x00, 0x00, 0x00, 0x00, 0x00, 0x00, 0x00, 0x00, 0x00, 0x00,
    0x00, 0x00, 0x00, 0x00, 0x00, 0x00, 0x00, 0x00, 0x00, 0x00, 0x00, 0x00, 0x00, 0x00, 0x00, 0x00, 0x00, 0x00, 0x00, 0x30,
    0x00, 0x00, 0x00, 0x00, 0x00, 0x00, 0x00, 0x00, 0x00, 0x00, 0x00, 0x00, 0x18, 0x00, 0x00, 0x00, 0x00, 0x00, 0x00, 0x00,
    0x00, 0x00, 0x00, 0x00, 0x00, 0x18, 0x01, 0xff, 0xff, 0xff, 0xff, 0xff, 0xff, 0xff, 0xff, 0xff, 0xff, 0xff, 0xff, 0xf1,
    0xff, 0xff, 0xff, 0xff, 0xff, 0xff, 0xff, 0xff, 0xff, 0xff, 0xff, 0xff, 0xfd, 0xff, 0xff, 0xff, 0xff, 0xff, 0xff, 0xff,
    0xff, 0xff, 0xff, 0xff, 0xff, 0xff, 0xc0, 0x00, 0x00, 0x00, 0x00, 0x00, 0x00, 0x00, 0x00, 0x00, 0x00, 0x07, 0x01, 0xe0,
    0x00, 0x00, 0x00, 0x00, 0x00, 0x00, 0x00, 0x00, 0x00, 0x00, 0x07, 0x80, 0xf0, 0x00, 0x00, 0x00, 0x00, 0x00, 0x00, 0x00,
    0x00, 0x00, 0x00, 0x03, 0xc0, 0x78, 0x00, 0x00, 0x00, 0x00, 0x00, 0xff, 0xc0, 0x00, 0x00, 0x00, 0x01, 0xe0, 0x3c, 0x00,
    0x00, 0x00, 0x00, 0x1f, 0xff, 0xff, 0x00, 0x00, 0x00, 0x00, 0xe0, 0x1e, 0x00, 0x00, 0x00, 0x00, 0x7f, 0xff, 0xff, 0xf0,
    0x00, 0x00, 0x07, 0xe0, 0x0f, 0x00, 0x00, 0x00, 0x01, 0xff, 0x00, 0x01, 0xff, 0x00, 0x00, 0x07, 0xf8, 0x07, 0x80, 0x00,
    0x00, 0x03, 0xf8, 0x00, 0x00, 0x0f, 0xe0, 0x00, 0x07, 0xfe, 0x03, 0xc0, 0x00, 0x00, 0x07, 0xe0, 0x00, 0x00, 0x00, 0xfc,
    0x00, 0x03, 0xff, 0x01, 0xe0, 0x00, 0x00, 0x07, 0xc0, 0x00, 0x00, 0x00, 0x1f, 0x80, 0x03, 0xff, 0xc0, 0xf0, 0x00, 0x00,
    0x0f, 0x80, 0x00, 0x00, 0x00, 0x03, 0xe0, 0x01, 0xff, 0xe0, 0x78, 0x00, 0x00, 0x0f, 0x00, 0x00, 0x00, 0x00, 0x00, 0x7c,
    0x00, 0xff, 0xf0, 0x3c, 0x00, 0x00, 0x1f, 0x00, 0x00, 0x00, 0x00, 0x00, 0x1f, 0x00, 0x7f, 0xf0, 0x1e, 0x00, 0x00, 0x1e,
    0x00, 0x00, 0x00, 0x00, 0x00, 0x03, 0xc0, 0x1f, 0xf8, 0x0f, 0x00, 0x00, 0x1e, 0x00, 0x00, 0x00, 0x00, 0x00, 0x00, 0xf0,
    0x07, 0xf8, 0x07, 0x80, 0x00, 0x1e, 0x00, 0x00, 0x00, 0x00, 0x00, 0x00, 0x3c, 0x01, 0xf8, 0x03, 0xc0, 0x00, 0x1e, 0x00,
    0x00, 0x00, 0x00, 0x00, 0x00, 0x0f, 0x00, 0xc0, 0x01, 0xe0, 0x00, 0x1e, 0x00, 0x00, 0x00, 0x01, 0x00, 0x00, 0x03, 0xc0,
    0xc0, 0x00, 0xf0, 0x00, 0x1e, 0x00, 0x00, 0x00, 0x00, 0xf8, 0x00, 0x00, 0xf0, 0x60, 0x00, 0x78, 0x00, 0x0e, 0x00, 0x00,
    0x00, 0x00, 0x07, 0x00, 0x00, 0x3c, 0x70, 0x00, 0x3c, 0x00, 0x0e, 0x00, 0x00, 0x00, 0x00, 0x00, 0x60, 0x00, 0x0e, 0x30,
    0x00, 0x1e, 0x00, 0x0e, 0x00, 0x00, 0x00, 0x00, 0x00, 0x0c, 0x00, 0x03, 0x98, 0x00, 0x0f, 0x00, 0x07, 0x00, 0x00, 0x00,
    0x00, 0x00, 0x03, 0x00, 0x00, 0xf8, 0x00, 0x07, 0x80, 0x07, 0x00, 0x00, 0x00, 0x00, 0x00, 0x00, 0x60, 0x00, 0x7c, 0x00,
    0x03, 0xc0, 0x07, 0x00, 0x00, 0x00, 0x00, 0x00, 0x00, 0x18, 0x00, 0x1e, 0x00, 0x01, 0xe0, 0x03, 0x80, 0x00, 0x00, 0x00,
    0x00, 0x40, 0x06, 0x00, 0x0e, 0x00, 0x00, 0xf0, 0x03, 0x80, 0x00, 0x00, 0x00, 0x00, 0x1c, 0x01, 0x80, 0x03, 0x80, 0x00,
    0x78, 0x01, 0xc0, 0x00, 0x00, 0x00, 0x00, 0x03, 0x00, 0x40, 0x03, 0xc0, 0x00, 0x3c, 0x01, 0xc0, 0x00, 0x00, 0x00, 0x00,
    0x00, 0x60, 0x10, 0x01, 0xf0, 0x00, 0x1e, 0x00, 0xe0, 0x00, 0x00, 0x00, 0x00, 0x00, 0x18, 0x0c, 0x00, 0xf8, 0x00, 0x0f,
    0x00, 0x60, 0x00, 0x00, 0x00, 0x00, 0x00, 0x06, 0x02, 0x00, 0xce, 0x00, 0x07, 0x80, 0x70, 0x00, 0x00, 0x00, 0x00, 0x00,
    0x01, 0x80, 0x80, 0x67, 0x00, 0x03, 0xc0, 0x38, 0x00, 0x00, 0x00, 0x00, 0x01, 0x00, 0x40, 0x60, 0x63, 0x80, 0x01, 0xe0,
    0x18, 0x00, 0x00, 0x00, 0x00, 0x00, 0xc0, 0x10, 0x10, 0x30, 0xe0, 0x00, 0xf0, 0x1c, 0x00, 0x00, 0x00, 0x00, 0x00, 0x18,
    0x0c, 0x08, 0x18, 0x70, 0x00, 0x78, 0x0e, 0x00, 0x00, 0x00, 0x00, 0x00, 0x06, 0x02, 0x02, 0x18, 0x38, 0x00, 0x3c, 0x07,
    0x00, 0x00, 0x00, 0x00, 0x00, 0x01, 0x01, 0x81, 0x0c, 0x0c, 0x00, 0x1e, 0x03, 0x00, 0x00, 0x00, 0x00, 0x00, 0x00, 0x40,
    0x40, 0x8e, 0x06, 0x00, 0x0f, 0x01, 0x80, 0x00, 0x00, 0x00, 0x00, 0x00, 0x30, 0x20, 0x66, 0x03, 0x80, 0x07, 0x81, 0xc0,
    0x00, 0x00, 0x00, 0x07, 0xf0, 0x00, 0x00, 0x03, 0x01, 0xc0, 0x03, 0xc0, 0xe0, 0x00, 0x00, 0x00, 0x06, 0x0c, 0x00, 0x00,
    0x03, 0x00, 0xe0, 0x01, 0xe0, 0x70, 0x00, 0x00, 0x00, 0x06, 0x03, 0x00, 0x00, 0x01, 0x80, 0x70, 0x00, 0xf0, 0x38, 0x00,
    0x00, 0x00, 0x02, 0x00, 0x80, 0x00, 0x00, 0xc0, 0x38, 0x00, 0x78, 0x1c, 0x00, 0x00, 0x00, 0x01, 0x00, 0x60, 0x00, 0x00,
    0xc0, 0x1c, 0x00, 0x3c, 0x0e, 0x00, 0x00, 0x00, 0x00, 0x80, 0x30, 0x00, 0x00, 0x60, 0x0e, 0x00, 0x1e, 0x07, 0x00, 0x00,
    0x00, 0x00, 0x40, 0x18, 0x00, 0x00, 0x60, 0x07, 0x00, 0x0f, 0x03, 0x80, 0x00, 0x00, 0x00, 0x20, 0x08, 0x00, 0x00, 0x30,
    0x03, 0x80, 0x07, 0x81, 0xc0, 0x00, 0x00, 0x00, 0x18, 0x0c, 0x00, 0x00, 0x18, 0x01, 0xc0, 0x03, 0xc0, 0xe0, 0x00, 0x00,
    0x00, 0x06, 0x0c, 0x00, 0x00, 0x18, 0x00, 0xe0, 0x01, 0xe0, 0x70, 0x00, 0x00, 0x00, 0x01, 0xfc, 0x00, 0x00, 0x0c, 0x00,
    0x70, 0x00, 0xf0, 0x18, 0x00, 0x00, 0x00, 0x00, 0x38, 0x00, 0x00, 0x0e, 0x00, 0x38, 0x00, 0x78, 0x0c, 0x00, 0x00, 0x00,
    0x00, 0x00, 0x00, 0x00, 0x06, 0x00, 0x18, 0x00, 0x3c, 0x07, 0x00, 0x00, 0x00, 0x00, 0x00, 0x00, 0x00, 0x03, 0x00, 0x0c,
    0x00, 0x1e, 0x03, 0x80, 0x00, 0x00, 0x00, 0x00, 0x00, 0x00, 0x03, 0x00, 0x0e, 0x00, 0x0f, 0x01, 0xc0, 0x00, 0x00, 0x00,
    0x00, 0x00, 0x00, 0x01, 0x80, 0x07, 0x00, 0x07, 0x80, 0x60, 0x00, 0x00, 0x00, 0x00, 0x00, 0x00, 0x01, 0xc0, 0x03, 0x80,
    0x03, 0xc0, 0x38, 0x00, 0x00, 0x00, 0x00, 0x00, 0x00, 0x00, 0xc0, 0x01, 0x80, 0x01, 0xe0, 0x1c, 0x00, 0x00, 0x00, 0x00,
    0x00, 0x00, 0x00, 0x60, 0x01, 0xc0, 0x00, 0xf0, 0x06, 0x00, 0x00, 0x00, 0x00, 0x00, 0x00, 0x00, 0x60, 0x00, 0xe0, 0x00,
    0x78, 0x03, 0x80, 0x00, 0x00, 0x00, 0x00, 0x00, 0x00, 0x70, 0x00, 0xe0, 0x00, 0x3c, 0x01, 0xc0, 0x00, 0x00, 0x00, 0x00,
    0x00, 0x00, 0x70, 0x00, 0x70, 0x00, 0x1e, 0x00, 0x70, 0x00, 0x00, 0x00, 0x00, 0x00, 0x00, 0xf0, 0x00, 0x30, 0x00, 0x0f,
    0x00, 0x38, 0x00, 0x00, 0x00, 0x00, 0x00, 0x01, 0xe0, 0x00, 0x38, 0x00, 0x07, 0x80, 0x0e, 0x00, 0x00, 0x00, 0x00, 0x00,
    0x01, 0xe0, 0x00, 0x18, 0x00, 0x03, 0xc0, 0x07, 0x00, 0x00, 0x00, 0x00, 0x00, 0x00, 0xf0, 0x00, 0x1c, 0x00, 0x01, 0xe0,
    0x01, 0xc0, 0x00, 0x00, 0x00, 0x00, 0x03, 0xf0, 0x00, 0x1c, 0x00, 0x00, 0xf0, 0x00, 0xf0, 0x00, 0x00, 0x00, 0x00, 0x03,
    0xe0, 0x00, 0x0e, 0x00, 0x00, 0x78, 0x00, 0x38, 0x00, 0x00, 0x00, 0x00, 0x07, 0xe0, 0x00, 0x0e, 0x00, 0x00, 0x3c, 0x00,
    0x0e, 0x00, 0x00, 0x00, 0x00, 0x07, 0xf0, 0x00, 0x0e, 0x00, 0x00, 0x1e, 0x00, 0x07, 0x80, 0x00, 0x00, 0x00, 0x1f, 0xf0,
    0x00, 0x0f, 0x00, 0x00, 0x0f, 0x00, 0x01, 0xe0, 0x00, 0x00, 0x00, 0x1f, 0xe0, 0x00, 0x07, 0x00, 0x00, 0x07, 0x80, 0x00,
    0x78, 0x00, 0x00, 0x00, 0x1f, 0xe0, 0x00, 0x07, 0x00, 0x00, 0x03, 0xc0, 0x00, 0x1e, 0x00, 0x00, 0x00, 0x1f, 0xf0, 0x00,
    0x07, 0x00, 0x00, 0x01, 0xe0, 0x00, 0x07, 0x80, 0x00, 0x00, 0x0f, 0xf8, 0x00, 0x07, 0x00, 0x00, 0x00, 0xf0, 0x00, 0x01,
    0xe0, 0x00, 0x00, 0x07, 0xf8, 0x00, 0x0f, 0x00, 0x00, 0x00, 0x78, 0x00, 0x00, 0x78, 0x00, 0x00, 0x01, 0xf0, 0x00, 0x0f,
    0x00, 0x00, 0x00, 0x3c, 0x00, 0x00, 0x1e, 0x00, 0x00, 0x00, 0x70, 0x00, 0x0f, 0x00, 0x00, 0x00, 0x1e, 0x00, 0x00, 0x07,
    0xc0, 0x00, 0x00, 0x00, 0x00, 0x1f, 0x00, 0x00, 0x00, 0x0f, 0x00, 0x00, 0x00, 0xf8, 0x00, 0x00, 0x00, 0x00, 0x1e, 0x00,
    0x00, 0x00, 0x07, 0x80, 0x00, 0x00, 0x3f, 0x00, 0x00, 0x00, 0x00, 0x3e, 0x00, 0x00, 0x00, 0x03, 0xc0, 0x00, 0x00, 0x07,
    0xe0, 0x00, 0x00, 0x00, 0xfc, 0x00, 0x00, 0x00, 0x01, 0xe0, 0x00, 0x00, 0x00, 0xfc, 0x00, 0x00, 0x01, 0xfc, 0x00, 0x00,
    0x00, 0x00, 0xf0, 0x00, 0x00, 0x00, 0x1f, 0xe0, 0x00, 0x0f, 0xf0, 0x00, 0x00, 0x00, 0x00, 0x78, 0x00, 0x00, 0x00, 0x03,
    0xff, 0xff, 0xff, 0xe0, 0x00, 0x00, 0x00, 0x00, 0x3c, 0x00, 0x00, 0x00, 0x00, 0x3f, 0xff, 0xff, 0x80, 0x00, 0x00, 0x00,
    0x00, 0x1e, 0x00, 0x00, 0x00, 0x00, 0x00, 0xff, 0xf8, 0x00, 0x00, 0x00, 0x00, 0x00, 0x0f, 0x00, 0x00, 0x00, 0x00, 0x00,
    0x00, 0x00, 0x00, 0x00, 0x00, 0x00, 0x00, 0x07, 0x80, 0x00, 0x00, 0x00, 0x00, 0x00, 0x00, 0x00, 0x00, 0x00, 0x00, 0x00,
    0x03, 0xc0, 0x00, 0x00, 0x00, 0x00, 0x00, 0x00, 0x00, 0x00, 0x00, 0x00, 0x00, 0x01, 0xff, 0xff, 0xff, 0xff, 0xff, 0xff,
    0xff, 0xff, 0xff, 0xff, 0xff, 0xff, 0xff, 0xdf, 0xff, 0xff, 0xff, 0xff, 0xff, 0xff, 0xff, 0xff, 0xff, 0xff, 0xff, 0xff,
    0xc7, 0xff, 0xff, 0xff, 0xff, 0xff, 0xff, 0xff, 0xff, 0xff, 0xff, 0xff, 0xff, 0xc0, 0x00, 0x00, 0x00, 0x00, 0x00, 0x00,
    0x00, 0x00, 0x00, 0x00, 0x00, 0x00, 0x00, 0x00, 0x00, 0x00, 0x00, 0x00, 0x00, 0x00, 0x00, 0x00, 0x00, 0x00, 0x00, 0x00,
    0x00, 0x00, 0x00, 0x00, 0x00, 0x00, 0x00, 0x00, 0x00, 0x00, 0x00, 0x00, 0x00, 0x00, 0x00, 0x00, 0x00, 0x00, 0x00, 0x00,
    0x00, 0x00, 0x00, 0x00, 0x00, 0x00, 0x00, 0x00, 0x00, 0x00, 0x00, 0x00, 0x00, 0x00, 0x00, 0x00, 0x00, 0x00, 0x00, 0x00,
};
